ID,수요량
TEST_0000,224.12943
TEST_0001,48.89911
TEST_0002,364.8645
TEST_0003,177.20961
TEST_0004,208.19427
TEST_0005,197.5664
TEST_0006,170.44589
TEST_0007,864.17426
TEST_0008,173.78775
TEST_0009,345.78403
TEST_0010,98.565216
TEST_0011,89.02696
TEST_0012,138.64085
TEST_0013,194.00256
TEST_0014,105.19172
TEST_0015,53.64795
TEST_0016,48.405907
TEST_0017,393.3949
TEST_0018,158.76144
TEST_0019,27.831717
TEST_0020,73.42616
TEST_0021,68.58012
TEST_0022,70.849106
TEST_0023,43.34679
TEST_0024,376.50262
TEST_0025,64.67863
TEST_0026,222.60391
TEST_0027,769.65436
TEST_0028,805.8446
TEST_0029,425.75458
TEST_0030,328.80774
TEST_0031,446.2347
TEST_0032,64.28778
TEST_0033,66.5212
TEST_0034,483.4215
TEST_0035,1499.3746
TEST_0036,1032.8713
TEST_0037,629.0069
TEST_0038,97.447044
TEST_0039,428.5058
TEST_0040,81.10155
TEST_0041,53.9236
TEST_0042,417.61322
TEST_0043,67.10236
TEST_0044,988.2551
TEST_0045,193.09314
TEST_0046,667.0135
TEST_0047,86.705475
TEST_0048,198.89183
TEST_0049,55.479954
TEST_0050,69.15055
TEST_0051,673.3113
TEST_0052,47.2276
TEST_0053,195.59473
TEST_0054,161.42773
TEST_0055,1196.5488
TEST_0056,42.62132
TEST_0057,117.989494
TEST_0058,268.75555
TEST_0059,2333.014
TEST_0060,325.4626
TEST_0061,661.34546
TEST_0062,61.480644
TEST_0063,256.59412
TEST_0064,226.18503
TEST_0065,1023.4769
TEST_0066,205.24976
TEST_0067,67.33343
TEST_0068,588.8675
TEST_0069,390.3665
TEST_0070,305.1657
TEST_0071,50.0232
TEST_0072,72.88591
TEST_0073,211.09497
TEST_0074,20.688972
TEST_0075,211.7787
TEST_0076,56.467155
TEST_0077,236.52832
TEST_0078,115.571915
TEST_0079,299.07916
TEST_0080,322.76993
TEST_0081,1025.606
TEST_0082,112.87131
TEST_0083,502.1891
TEST_0084,91.82873
TEST_0085,35.585316
TEST_0086,259.90466
TEST_0087,73.39793
TEST_0088,69.2483
TEST_0089,72.19144
TEST_0090,41.90213
TEST_0091,399.3836
TEST_0092,509.41046
TEST_0093,119.12003
TEST_0094,129.21957
TEST_0095,403.19537
TEST_0096,557.49884
TEST_0097,48.676773
TEST_0098,288.98322
TEST_0099,667.45154
TEST_0100,51.484627
TEST_0101,219.10168
TEST_0102,43.383205
TEST_0103,497.36615
TEST_0104,80.388245
TEST_0105,58.18747
TEST_0106,151.59155
TEST_0107,923.4057
TEST_0108,203.4341
TEST_0109,135.16104
TEST_0110,105.93092
TEST_0111,93.45744
TEST_0112,143.91
TEST_0113,562.7074
TEST_0114,55.741055
TEST_0115,609.96533
TEST_0116,916.42126
TEST_0117,60.1587
TEST_0118,297.39795
TEST_0119,302.17487
TEST_0120,401.31134
TEST_0121,64.61655
TEST_0122,344.7685
TEST_0123,60.152954
TEST_0124,614.1723
TEST_0125,57.87564
TEST_0126,130.27365
TEST_0127,169.60706
TEST_0128,240.41864
TEST_0129,386.53183
TEST_0130,230.1683
TEST_0131,83.992065
TEST_0132,288.32944
TEST_0133,183.6999
TEST_0134,92.05517
TEST_0135,575.9502
TEST_0136,59.123363
TEST_0137,28.064842
TEST_0138,46.931297
TEST_0139,384.914
TEST_0140,562.47144
TEST_0141,194.36868
TEST_0142,1276.9827
TEST_0143,65.48598
TEST_0144,405.2185
TEST_0145,282.0526
TEST_0146,39.484955
TEST_0147,466.0108
TEST_0148,386.6409
TEST_0149,177.283
TEST_0150,58.85743
TEST_0151,665.0807
TEST_0152,31.043112
TEST_0153,45.658566
TEST_0154,57.832375
TEST_0155,143.5547
TEST_0156,21.264717
TEST_0157,52.35877
TEST_0158,320.0351
TEST_0159,84.57114
TEST_0160,241.52051
TEST_0161,114.05574
TEST_0162,181.4258
TEST_0163,59.734074
TEST_0164,106.18768
TEST_0165,40.369003
TEST_0166,154.06416
TEST_0167,36.142273
TEST_0168,63.179443
TEST_0169,229.34305
TEST_0170,87.67792
TEST_0171,1114.6193
TEST_0172,229.4567
TEST_0173,514.6383
TEST_0174,381.88718
TEST_0175,437.79272
TEST_0176,411.056
TEST_0177,49.21846
TEST_0178,97.15906
TEST_0179,473.08875
TEST_0180,125.10683
TEST_0181,267.37842
TEST_0182,488.09644
TEST_0183,37.282104
TEST_0184,375.4306
TEST_0185,180.1203
TEST_0186,638.08167
TEST_0187,54.86797
TEST_0188,383.92758
TEST_0189,98.25879
TEST_0190,114.477875
TEST_0191,33.804443
TEST_0192,741.87085
TEST_0193,43.762325
TEST_0194,2693.5474
TEST_0195,108.52101
TEST_0196,38.21933
TEST_0197,28.816605
TEST_0198,247.01706
TEST_0199,260.7208
TEST_0200,391.5031
TEST_0201,38.45323
TEST_0202,47.103855
TEST_0203,236.51288
TEST_0204,104.49632
TEST_0205,181.77365
TEST_0206,236.51495
TEST_0207,136.21323
TEST_0208,350.409
TEST_0209,61.596054
TEST_0210,49.19536
TEST_0211,90.93324
TEST_0212,231.04416
TEST_0213,393.03918
TEST_0214,506.0796
TEST_0215,46.152798
TEST_0216,556.57983
TEST_0217,107.94101
TEST_0218,48.103027
TEST_0219,495.87228
TEST_0220,640.43823
TEST_0221,698.7481
TEST_0222,102.493195
TEST_0223,81.22043
TEST_0224,137.1192
TEST_0225,156.3241
TEST_0226,164.03217
TEST_0227,190.32138
TEST_0228,35.487915
TEST_0229,480.904
TEST_0230,64.49566
TEST_0231,481.37988
TEST_0232,103.0712
TEST_0233,215.12274
TEST_0234,212.7911
TEST_0235,96.41957
TEST_0236,57.114197
TEST_0237,95.90375
TEST_0238,172.81143
TEST_0239,87.90026
TEST_0240,46.085365
TEST_0241,36.742638
TEST_0242,1135.1493
TEST_0243,208.05719
TEST_0244,434.7602
TEST_0245,165.45447
TEST_0246,66.04761
TEST_0247,57.610153
TEST_0248,186.27179
TEST_0249,86.90523
TEST_0250,42.57547
TEST_0251,338.5545
TEST_0252,251.24713
TEST_0253,83.66711
TEST_0254,575.29065
TEST_0255,573.9445
TEST_0256,89.15277
TEST_0257,1238.8762
TEST_0258,109.45262
TEST_0259,274.1199
TEST_0260,40.025833
TEST_0261,680.61945
TEST_0262,1083.7894
TEST_0263,114.84585
TEST_0264,102.09987
TEST_0265,86.28061
TEST_0266,825.9771
TEST_0267,386.7849
TEST_0268,26.341728
TEST_0269,515.81433
TEST_0270,307.7638
TEST_0271,94.72933
TEST_0272,40.827705
TEST_0273,124.85257
TEST_0274,134.32907
TEST_0275,54.045708
TEST_0276,207.76564
TEST_0277,248.60101
TEST_0278,74.569595
TEST_0279,410.98682
TEST_0280,63.73741
TEST_0281,49.905167
TEST_0282,217.06335
TEST_0283,65.369705
TEST_0284,87.02598
TEST_0285,42.716022
TEST_0286,344.60632
TEST_0287,35.455177
TEST_0288,88.770226
TEST_0289,102.53671
TEST_0290,482.23315
TEST_0291,48.450386
TEST_0292,169.95184
TEST_0293,208.3852
TEST_0294,38.932007
TEST_0295,250.86618
TEST_0296,21.959152
TEST_0297,88.99921
TEST_0298,1006.057
TEST_0299,244.45142
TEST_0300,51.85273
TEST_0301,125.21907
TEST_0302,559.22705
TEST_0303,150.07985
TEST_0304,323.88123
TEST_0305,215.39532
TEST_0306,99.3403
TEST_0307,51.835464
TEST_0308,219.48737
TEST_0309,465.42554
TEST_0310,61.93019
TEST_0311,66.88518
TEST_0312,67.66249
TEST_0313,132.9507
TEST_0314,91.796074
TEST_0315,52.793564
TEST_0316,183.40631
TEST_0317,30.101437
TEST_0318,552.526
TEST_0319,168.76564
TEST_0320,39.041138
TEST_0321,29.5476
TEST_0322,136.29132
TEST_0323,144.65588
TEST_0324,53.569298
TEST_0325,278.21918
TEST_0326,1012.4608
TEST_0327,316.89697
TEST_0328,168.81003
TEST_0329,51.433125
TEST_0330,48.88138
TEST_0331,188.53009
TEST_0332,69.38407
TEST_0333,74.33997
TEST_0334,143.11528
TEST_0335,181.97566
TEST_0336,646.6178
TEST_0337,31.290894
TEST_0338,221.54437
TEST_0339,83.65729
TEST_0340,71.28789
TEST_0341,390.8203
TEST_0342,215.67502
TEST_0343,71.39024
TEST_0344,48.10462
TEST_0345,82.95078
TEST_0346,144.15761
TEST_0347,160.14365
TEST_0348,149.25812
TEST_0349,178.28809
TEST_0350,603.89905
TEST_0351,731.75696
TEST_0352,81.33765
TEST_0353,609.50555
TEST_0354,76.46336
TEST_0355,336.3169
TEST_0356,51.189777
TEST_0357,81.77076
TEST_0358,257.06628
TEST_0359,270.6597
TEST_0360,27.086449
TEST_0361,434.2282
TEST_0362,80.33819
TEST_0363,83.853775
TEST_0364,360.9666
TEST_0365,97.051056
TEST_0366,53.770477
TEST_0367,406.18143
TEST_0368,281.60855
TEST_0369,43.778397
TEST_0370,60.993546
TEST_0371,136.64197
TEST_0372,270.9681
TEST_0373,308.28696
TEST_0374,234.96783
TEST_0375,513.0796
TEST_0376,40.79073
TEST_0377,71.396126
TEST_0378,40.442722
TEST_0379,178.26422
TEST_0380,56.506496
TEST_0381,94.25719
TEST_0382,293.9845
TEST_0383,44.223465
TEST_0384,34.001385
TEST_0385,71.29492
TEST_0386,263.87933
TEST_0387,90.12968
TEST_0388,582.1804
TEST_0389,22.007215
TEST_0390,118.1749
TEST_0391,51.722523
TEST_0392,23.422062
TEST_0393,294.74332
TEST_0394,167.40826
TEST_0395,61.331383
TEST_0396,36.203938
TEST_0397,422.30298
TEST_0398,189.69633
TEST_0399,241.9389
TEST_0400,52.503036
TEST_0401,92.40665
TEST_0402,27.57177
TEST_0403,56.105667
TEST_0404,113.29463
TEST_0405,57.551624
TEST_0406,130.26877
TEST_0407,22.387505
TEST_0408,109.96142
TEST_0409,62.28845
TEST_0410,40.89357
TEST_0411,174.61589
TEST_0412,236.65831
TEST_0413,422.84833
TEST_0414,21.652952
TEST_0415,450.51447
TEST_0416,315.86475
TEST_0417,160.82654
TEST_0418,31.845312
TEST_0419,53.52134
TEST_0420,61.269295
TEST_0421,130.84329
TEST_0422,975.89575
TEST_0423,68.59325
TEST_0424,734.7613
TEST_0425,155.50447
TEST_0426,52.777786
TEST_0427,475.41318
TEST_0428,328.43213
TEST_0429,163.2326
TEST_0430,63.844315
TEST_0431,170.46269
TEST_0432,239.21722
TEST_0433,323.0401
TEST_0434,589.3385
TEST_0435,1284.4518
TEST_0436,125.72919
TEST_0437,239.02518
TEST_0438,353.7469
TEST_0439,386.98917
TEST_0440,302.3121
TEST_0441,174.07486
TEST_0442,44.318863
TEST_0443,96.402275
TEST_0444,102.56058
TEST_0445,22.01903
TEST_0446,70.644165
TEST_0447,426.63412
TEST_0448,59.39074
TEST_0449,875.20544
TEST_0450,288.65253
TEST_0451,137.35999
TEST_0452,195.84239
TEST_0453,548.0006
TEST_0454,115.55472
TEST_0455,211.93198
TEST_0456,390.2646
TEST_0457,103.72937
TEST_0458,856.9325
TEST_0459,584.30743
TEST_0460,1370.0764
TEST_0461,445.21362
TEST_0462,31.53697
TEST_0463,202.82622
TEST_0464,789.7571
TEST_0465,32.010643
TEST_0466,332.71326
TEST_0467,470.4721
TEST_0468,101.32783
TEST_0469,1558.8282
TEST_0470,226.35332
TEST_0471,50.72049
TEST_0472,89.2822
TEST_0473,1038.2439
TEST_0474,1506.3386
TEST_0475,377.93762
TEST_0476,262.3736
TEST_0477,500.98315
TEST_0478,356.0819
TEST_0479,961.37537
TEST_0480,710.4565
TEST_0481,94.04103
TEST_0482,75.43269
TEST_0483,191.77771
TEST_0484,414.41876
TEST_0485,98.003815
TEST_0486,823.71356
TEST_0487,51.315437
TEST_0488,24.863396
TEST_0489,82.44833
TEST_0490,35.90065
TEST_0491,33.45084
TEST_0492,50.519688
TEST_0493,69.42439
TEST_0494,316.42972
TEST_0495,65.91269
TEST_0496,32.12673
TEST_0497,73.62407
TEST_0498,683.6816
TEST_0499,59.662064
TEST_0500,226.77258
TEST_0501,299.87195
TEST_0502,412.97632
TEST_0503,64.22046
TEST_0504,184.17268
TEST_0505,223.81235
TEST_0506,120.95271
TEST_0507,33.964222
TEST_0508,940.12134
TEST_0509,322.55923
TEST_0510,219.11667
TEST_0511,32.413242
TEST_0512,174.56984
TEST_0513,177.7888
TEST_0514,69.67886
TEST_0515,60.05167
TEST_0516,73.087326
TEST_0517,51.897514
TEST_0518,68.012
TEST_0519,31.639912
TEST_0520,879.2787
TEST_0521,212.99074
TEST_0522,169.1114
TEST_0523,315.47064
TEST_0524,430.4262
TEST_0525,223.47594
TEST_0526,165.51103
TEST_0527,37.021965
TEST_0528,207.6425
TEST_0529,49.418423
TEST_0530,166.64594
TEST_0531,592.6361
TEST_0532,115.731735
TEST_0533,255.31204
TEST_0534,540.90265
TEST_0535,239.68903
TEST_0536,247.79039
TEST_0537,14.334533
TEST_0538,62.78306
TEST_0539,176.94543
TEST_0540,551.68085
TEST_0541,920.69104
TEST_0542,57.583107
TEST_0543,74.42504
TEST_0544,1761.4454
TEST_0545,80.01234
TEST_0546,834.18695
TEST_0547,41.678062
TEST_0548,1187.9712
TEST_0549,148.4997
TEST_0550,76.10878
TEST_0551,303.08185
TEST_0552,37.416954
TEST_0553,474.8993
TEST_0554,795.0443
TEST_0555,71.69427
TEST_0556,450.17554
TEST_0557,370.3542
TEST_0558,32.105263
TEST_0559,75.34452
TEST_0560,82.831566
TEST_0561,338.0374
TEST_0562,277.2333
TEST_0563,447.70074
TEST_0564,28.875984
TEST_0565,59.525406
TEST_0566,511.7439
TEST_0567,451.4536
TEST_0568,32.185402
TEST_0569,908.3118
TEST_0570,1176.1549
TEST_0571,211.32057
TEST_0572,69.59384
TEST_0573,784.33417
TEST_0574,149.00107
TEST_0575,838.7556
TEST_0576,623.51556
TEST_0577,44.020626
TEST_0578,54.629105
TEST_0579,570.702
TEST_0580,52.045338
TEST_0581,54.4617
TEST_0582,34.46772
TEST_0583,67.27045
TEST_0584,190.20166
TEST_0585,68.65582
TEST_0586,89.521805
TEST_0587,192.09438
TEST_0588,193.66264
TEST_0589,330.17984
TEST_0590,426.74594
TEST_0591,131.77448
TEST_0592,64.47272
TEST_0593,103.76788
TEST_0594,50.376183
TEST_0595,149.10583
TEST_0596,114.86444
TEST_0597,168.70403
TEST_0598,84.17377
TEST_0599,143.7279
TEST_0600,68.24342
TEST_0601,416.25848
TEST_0602,109.754486
TEST_0603,69.92234
TEST_0604,460.43353
TEST_0605,61.76037
TEST_0606,1294.7147
TEST_0607,767.7738
TEST_0608,411.7259
TEST_0609,429.10452
TEST_0610,44.144444
TEST_0611,54.793697
TEST_0612,49.836243
TEST_0613,88.15457
TEST_0614,210.47585
TEST_0615,50.996162
TEST_0616,74.107574
TEST_0617,56.937416
TEST_0618,299.0567
TEST_0619,64.81212
TEST_0620,63.490547
TEST_0621,104.04288
TEST_0622,372.09448
TEST_0623,176.83926
TEST_0624,302.3032
TEST_0625,45.8326
TEST_0626,420.56415
TEST_0627,313.28082
TEST_0628,402.27765
TEST_0629,493.05167
TEST_0630,179.08333
TEST_0631,307.72354
TEST_0632,133.56613
TEST_0633,23.122192
TEST_0634,56.586586
TEST_0635,156.01752
TEST_0636,156.63475
TEST_0637,41.01909
TEST_0638,93.40576
TEST_0639,380.5233
TEST_0640,174.99379
TEST_0641,133.89946
TEST_0642,331.69684
TEST_0643,1268.8918
TEST_0644,86.515854
TEST_0645,86.28859
TEST_0646,44.74581
TEST_0647,66.62955
TEST_0648,98.81147
TEST_0649,472.8183
TEST_0650,1413.3961
TEST_0651,159.29492
TEST_0652,257.52997
TEST_0653,289.09857
TEST_0654,577.48553
TEST_0655,442.06903
TEST_0656,529.2208
TEST_0657,37.78566
TEST_0658,33.048477
TEST_0659,533.10205
TEST_0660,509.76245
TEST_0661,105.33335
TEST_0662,1810.8171
TEST_0663,96.849594
TEST_0664,342.69012
TEST_0665,121.54997
TEST_0666,70.17379
TEST_0667,99.6935
TEST_0668,355.4483
TEST_0669,691.9715
TEST_0670,409.43057
TEST_0671,259.01392
TEST_0672,173.18713
TEST_0673,313.0876
TEST_0674,1134.0391
TEST_0675,436.8717
TEST_0676,42.93181
TEST_0677,104.92688
TEST_0678,179.5392
TEST_0679,65.78681
TEST_0680,1053.928
TEST_0681,279.3035
TEST_0682,261.26117
TEST_0683,633.03094
TEST_0684,49.909073
TEST_0685,270.6252
TEST_0686,78.80452
TEST_0687,76.24838
TEST_0688,83.90831
TEST_0689,93.06389
TEST_0690,38.082565
TEST_0691,49.1154
TEST_0692,1137.4902
TEST_0693,102.55597
TEST_0694,126.145905
TEST_0695,73.68778
TEST_0696,261.60736
TEST_0697,293.8836
TEST_0698,225.27489
TEST_0699,297.73376
TEST_0700,134.9067
TEST_0701,73.9751
TEST_0702,30.447546
TEST_0703,24.989365
TEST_0704,61.85457
TEST_0705,132.38974
TEST_0706,50.017467
TEST_0707,364.70218
TEST_0708,307.1613
TEST_0709,122.839874
TEST_0710,152.13449
TEST_0711,1736.6703
TEST_0712,160.14215
TEST_0713,877.2219
TEST_0714,249.79102
TEST_0715,57.2947
TEST_0716,37.072865
TEST_0717,36.320724
TEST_0718,223.0326
TEST_0719,1558.3049
TEST_0720,121.15214
TEST_0721,204.28505
TEST_0722,82.21054
TEST_0723,66.96106
TEST_0724,254.97992
TEST_0725,136.18697
TEST_0726,625.16626
TEST_0727,1100.1244
TEST_0728,36.249493
TEST_0729,80.43287
TEST_0730,146.75986
TEST_0731,398.6844
TEST_0732,576.0018
TEST_0733,39.67953
TEST_0734,599.37396
TEST_0735,148.80469
TEST_0736,394.61636
TEST_0737,391.29626
TEST_0738,1580.5962
TEST_0739,493.21643
TEST_0740,478.79852
TEST_0741,81.84447
TEST_0742,34.022003
TEST_0743,81.92709
TEST_0744,176.09796
TEST_0745,394.32678
TEST_0746,23.532467
TEST_0747,843.08435
TEST_0748,179.7247
TEST_0749,242.15025
TEST_0750,176.10158
TEST_0751,204.82092
TEST_0752,808.4033
TEST_0753,69.44705
TEST_0754,39.69413
TEST_0755,393.14673
TEST_0756,508.01453
TEST_0757,326.6383
TEST_0758,120.56859
TEST_0759,51.089684
TEST_0760,336.50073
TEST_0761,25.701826
TEST_0762,313.90378
TEST_0763,143.80148
TEST_0764,1028.086
TEST_0765,253.20602
TEST_0766,1026.2112
TEST_0767,233.64099
TEST_0768,114.29739
TEST_0769,107.27873
TEST_0770,186.60559
TEST_0771,28.036213
TEST_0772,93.60159
TEST_0773,136.66666
TEST_0774,227.6661
TEST_0775,118.429245
TEST_0776,573.40125
TEST_0777,218.15968
TEST_0778,487.91095
TEST_0779,136.84056
TEST_0780,30.39297
TEST_0781,196.90988
TEST_0782,173.8764
TEST_0783,495.90234
TEST_0784,177.68658
TEST_0785,46.325943
TEST_0786,51.317947
TEST_0787,43.068626
TEST_0788,151.25401
TEST_0789,274.17932
TEST_0790,201.62302
TEST_0791,127.32567
TEST_0792,1021.8667
TEST_0793,67.200554
TEST_0794,180.61761
TEST_0795,219.55414
TEST_0796,39.47578
TEST_0797,78.906525
TEST_0798,25.391006
TEST_0799,165.81467
TEST_0800,49.466362
TEST_0801,103.93349
TEST_0802,315.63464
TEST_0803,46.961224
TEST_0804,396.69073
TEST_0805,51.81939
TEST_0806,62.708935
TEST_0807,797.1037
TEST_0808,1810.266
TEST_0809,33.378014
TEST_0810,124.593
TEST_0811,30.870739
TEST_0812,92.74141
TEST_0813,140.67326
TEST_0814,64.647705
TEST_0815,53.826828
TEST_0816,330.4219
TEST_0817,81.03248
TEST_0818,93.64646
TEST_0819,38.362118
TEST_0820,693.70404
TEST_0821,25.768837
TEST_0822,130.00099
TEST_0823,21.39154
TEST_0824,37.557716
TEST_0825,51.5965
TEST_0826,529.1743
TEST_0827,84.99337
TEST_0828,46.41279
TEST_0829,570.1403
TEST_0830,737.24634
TEST_0831,178.4906
TEST_0832,57.419487
TEST_0833,231.67456
TEST_0834,39.56056
TEST_0835,320.03195
TEST_0836,447.2049
TEST_0837,22.072111
TEST_0838,30.768093
TEST_0839,112.12218
TEST_0840,61.714508
TEST_0841,186.97763
TEST_0842,88.60849
TEST_0843,352.0919
TEST_0844,34.823486
TEST_0845,99.71331
TEST_0846,813.21545
TEST_0847,187.9337
TEST_0848,109.811516
TEST_0849,51.351177
TEST_0850,41.33963
TEST_0851,43.098072
TEST_0852,59.05642
TEST_0853,299.94968
TEST_0854,179.85228
TEST_0855,407.8308
TEST_0856,28.310123
TEST_0857,385.1045
TEST_0858,927.2166
TEST_0859,61.88549
TEST_0860,119.019684
TEST_0861,172.47919
TEST_0862,298.95782
TEST_0863,54.41038
TEST_0864,768.025
TEST_0865,109.27234
TEST_0866,166.67657
TEST_0867,61.54696
TEST_0868,80.63786
TEST_0869,388.03763
TEST_0870,40.75421
TEST_0871,437.2309
TEST_0872,229.45111
TEST_0873,38.460205
TEST_0874,465.26392
TEST_0875,188.56741
TEST_0876,326.747
TEST_0877,647.5125
TEST_0878,55.25633
TEST_0879,537.45667
TEST_0880,297.12173
TEST_0881,61.99712
TEST_0882,457.01025
TEST_0883,335.7884
TEST_0884,121.651474
TEST_0885,34.483017
TEST_0886,81.29522
TEST_0887,173.2524
TEST_0888,48.41649
TEST_0889,42.87509
TEST_0890,58.62398
TEST_0891,272.46088
TEST_0892,1612.5333
TEST_0893,28.748367
TEST_0894,35.547295
TEST_0895,122.36363
TEST_0896,127.13486
TEST_0897,250.57983
TEST_0898,33.772217
TEST_0899,444.4129
TEST_0900,74.63664
TEST_0901,220.61858
TEST_0902,51.845444
TEST_0903,330.62683
TEST_0904,161.76602
TEST_0905,34.20463
TEST_0906,548.4381
TEST_0907,344.2786
TEST_0908,518.8437
TEST_0909,118.683876
TEST_0910,699.8242
TEST_0911,77.15858
TEST_0912,951.63165
TEST_0913,90.619965
TEST_0914,99.66191
TEST_0915,89.777214
TEST_0916,107.48074
TEST_0917,120.01601
TEST_0918,775.7965
TEST_0919,372.42154
TEST_0920,136.60458
TEST_0921,83.367546
TEST_0922,283.36438
TEST_0923,405.4959
TEST_0924,102.19032
TEST_0925,1335.4705
TEST_0926,97.6687
TEST_0927,297.51465
TEST_0928,1026.5768
TEST_0929,199.26724
TEST_0930,368.18616
TEST_0931,55.9809
TEST_0932,32.694782
TEST_0933,30.887829
TEST_0934,43.727665
TEST_0935,17.303785
TEST_0936,69.7866
TEST_0937,294.3201
TEST_0938,32.361538
TEST_0939,56.20644
TEST_0940,581.1673
TEST_0941,49.81158
TEST_0942,28.246159
TEST_0943,2356.9407
TEST_0944,91.81019
TEST_0945,89.53711
TEST_0946,28.805178
TEST_0947,65.270744
TEST_0948,615.63586
TEST_0949,237.15009
TEST_0950,150.9195
TEST_0951,57.696495
TEST_0952,301.76263
TEST_0953,317.96838
TEST_0954,677.3849
TEST_0955,83.969406
TEST_0956,385.3891
TEST_0957,556.7046
TEST_0958,60.25051
TEST_0959,172.11412
TEST_0960,1534.8923
TEST_0961,446.6723
TEST_0962,66.36911
TEST_0963,989.8147
TEST_0964,104.69968
TEST_0965,637.7471
TEST_0966,288.01215
TEST_0967,1386.325
TEST_0968,199.86438
TEST_0969,47.50345
TEST_0970,56.774296
TEST_0971,557.42914
TEST_0972,187.02184
TEST_0973,105.18791
TEST_0974,522.09375
TEST_0975,266.72272
TEST_0976,505.2304
TEST_0977,518.4437
TEST_0978,97.01535
TEST_0979,91.73824
TEST_0980,517.6211
TEST_0981,439.61127
TEST_0982,62.895107
TEST_0983,271.72363
TEST_0984,157.57796
TEST_0985,81.82015
TEST_0986,45.90867
TEST_0987,133.2326
TEST_0988,142.87769
TEST_0989,1023.76294
TEST_0990,867.0822
TEST_0991,134.56918
TEST_0992,65.23218
TEST_0993,164.53271
TEST_0994,129.29938
TEST_0995,251.34744
TEST_0996,49.15561
TEST_0997,435.68912
TEST_0998,158.35681
TEST_0999,67.6381
TEST_1000,79.54889
TEST_1001,168.87006
TEST_1002,566.6162
TEST_1003,515.0151
TEST_1004,133.12546
TEST_1005,78.79858
TEST_1006,107.62411
TEST_1007,137.98883
TEST_1008,27.793427
TEST_1009,112.75583
TEST_1010,41.56123
TEST_1011,61.668407
TEST_1012,40.703323
TEST_1013,721.7736
TEST_1014,126.39541
TEST_1015,438.61267
TEST_1016,315.468
TEST_1017,288.16028
TEST_1018,422.5571
TEST_1019,101.155754
TEST_1020,45.404213
TEST_1021,912.3628
TEST_1022,147.41777
TEST_1023,108.03067
TEST_1024,90.03107
TEST_1025,65.69069
TEST_1026,51.002117
TEST_1027,50.314873
TEST_1028,218.7034
TEST_1029,117.300415
TEST_1030,281.98407
TEST_1031,210.20178
TEST_1032,389.21155
TEST_1033,233.08435
TEST_1034,28.654255
TEST_1035,276.4682
TEST_1036,156.3017
TEST_1037,46.164543
TEST_1038,81.48793
TEST_1039,453.08948
TEST_1040,109.86476
TEST_1041,631.7989
TEST_1042,186.23978
TEST_1043,49.21183
TEST_1044,1352.2076
TEST_1045,98.84468
TEST_1046,141.92305
TEST_1047,491.72223
TEST_1048,418.26636
TEST_1049,44.975403
TEST_1050,1208.1091
TEST_1051,159.21655
TEST_1052,420.5833
TEST_1053,59.678852
TEST_1054,73.16494
TEST_1055,33.32157
TEST_1056,49.78956
TEST_1057,139.88907
TEST_1058,134.85875
TEST_1059,38.297897
TEST_1060,703.98083
TEST_1061,276.69995
TEST_1062,208.70181
TEST_1063,2483.0369
TEST_1064,30.716618
TEST_1065,59.417515
TEST_1066,45.333755
TEST_1067,169.71233
TEST_1068,690.645
TEST_1069,167.62288
TEST_1070,415.04758
TEST_1071,740.9336
TEST_1072,58.40792
TEST_1073,291.37146
TEST_1074,78.482574
TEST_1075,1512.0037
TEST_1076,127.84417
TEST_1077,84.704315
TEST_1078,205.67484
TEST_1079,44.45089
TEST_1080,28.228748
TEST_1081,154.47162
TEST_1082,48.77005
TEST_1083,48.64825
TEST_1084,113.67146
TEST_1085,41.694244
TEST_1086,402.46338
TEST_1087,455.89746
TEST_1088,51.178955
TEST_1089,347.3363
TEST_1090,88.24
TEST_1091,69.16945
TEST_1092,774.25946
TEST_1093,272.91556
TEST_1094,206.53278
TEST_1095,95.859795
TEST_1096,76.24681
TEST_1097,967.7556
TEST_1098,551.6852
TEST_1099,61.39327
TEST_1100,586.35913
TEST_1101,440.66266
TEST_1102,53.99704
TEST_1103,187.15863
TEST_1104,67.318985
TEST_1105,48.19446
TEST_1106,959.57764
TEST_1107,594.615
TEST_1108,48.563095
TEST_1109,529.7837
TEST_1110,445.8518
TEST_1111,543.1366
TEST_1112,78.361404
TEST_1113,178.38422
TEST_1114,38.52034
TEST_1115,267.7451
TEST_1116,213.65959
TEST_1117,311.16528
TEST_1118,62.88662
TEST_1119,132.85687
TEST_1120,87.70121
TEST_1121,66.82578
TEST_1122,51.330093
TEST_1123,432.79535
TEST_1124,66.00883
TEST_1125,460.359
TEST_1126,110.786026
TEST_1127,50.291443
TEST_1128,57.937748
TEST_1129,302.51627
TEST_1130,64.61609
TEST_1131,23.091251
TEST_1132,31.745085
TEST_1133,187.50867
TEST_1134,281.49066
TEST_1135,57.2679
TEST_1136,499.54126
TEST_1137,40.131977
TEST_1138,37.775887
TEST_1139,251.6039
TEST_1140,31.300037
TEST_1141,70.725914
TEST_1142,223.07004
TEST_1143,77.403435
TEST_1144,568.27924
TEST_1145,177.70093
TEST_1146,50.453304
TEST_1147,132.13048
TEST_1148,903.0576
TEST_1149,47.000732
TEST_1150,426.25293
TEST_1151,148.7985
TEST_1152,116.43117
TEST_1153,75.10992
TEST_1154,59.588596
TEST_1155,424.7511
TEST_1156,88.708176
TEST_1157,182.21896
TEST_1158,254.5814
TEST_1159,33.08619
TEST_1160,196.27159
TEST_1161,22.334705
TEST_1162,213.47256
TEST_1163,385.2035
TEST_1164,118.065125
TEST_1165,22.685356
TEST_1166,39.301003
TEST_1167,84.5024
TEST_1168,104.930275
TEST_1169,680.199
TEST_1170,551.90857
TEST_1171,199.12524
TEST_1172,68.923676
TEST_1173,313.88727
TEST_1174,354.65607
TEST_1175,84.213394
TEST_1176,61.79444
TEST_1177,101.542984
TEST_1178,94.62697
TEST_1179,107.18338
TEST_1180,397.23737
TEST_1181,230.69284
TEST_1182,417.46957
TEST_1183,48.327026
TEST_1184,151.71278
TEST_1185,59.979206
TEST_1186,347.10336
TEST_1187,101.019226
TEST_1188,46.110966
TEST_1189,228.96117
TEST_1190,103.01142
TEST_1191,997.34125
TEST_1192,110.04028
TEST_1193,293.5296
TEST_1194,330.39035
TEST_1195,455.06564
TEST_1196,357.07492
TEST_1197,301.72803
TEST_1198,86.49275
TEST_1199,597.15344
TEST_1200,44.02979
TEST_1201,182.161
TEST_1202,603.5255
TEST_1203,62.432884
TEST_1204,18.1349
TEST_1205,426.50067
TEST_1206,40.91592
TEST_1207,119.18119
TEST_1208,178.1741
TEST_1209,729.2173
TEST_1210,115.38252
TEST_1211,226.04475
TEST_1212,351.38306
TEST_1213,85.29263
TEST_1214,281.72586
TEST_1215,731.16956
TEST_1216,132.71057
TEST_1217,238.67923
TEST_1218,224.15329
TEST_1219,174.66042
TEST_1220,51.228054
TEST_1221,135.68765
TEST_1222,145.56607
TEST_1223,209.47078
TEST_1224,72.405785
TEST_1225,90.61388
TEST_1226,276.1751
TEST_1227,102.10994
TEST_1228,140.53036
TEST_1229,145.6825
TEST_1230,218.58006
TEST_1231,96.62795
TEST_1232,111.045715
TEST_1233,257.3562
TEST_1234,835.79156
TEST_1235,71.618996
TEST_1236,126.74561
TEST_1237,336.73373
TEST_1238,250.1142
TEST_1239,96.825836
TEST_1240,249.41254
TEST_1241,285.6686
TEST_1242,41.742416
TEST_1243,308.40686
TEST_1244,977.71735
TEST_1245,468.638
TEST_1246,161.40207
TEST_1247,345.19556
TEST_1248,57.998207
TEST_1249,141.55891
TEST_1250,808.1187
TEST_1251,232.60947
TEST_1252,376.42566
TEST_1253,34.344334
TEST_1254,251.37128
TEST_1255,138.37785
TEST_1256,194.44635
TEST_1257,30.546997
TEST_1258,65.782845
TEST_1259,710.0388
TEST_1260,173.43074
TEST_1261,47.758705
TEST_1262,364.72583
TEST_1263,53.836792
TEST_1264,125.20511
TEST_1265,85.862114
TEST_1266,143.82513
TEST_1267,63.65721
TEST_1268,496.67053
TEST_1269,581.0757
TEST_1270,264.79456
TEST_1271,1513.3262
TEST_1272,183.05789
TEST_1273,123.09399
TEST_1274,33.72356
TEST_1275,92.04836
TEST_1276,69.28256
TEST_1277,33.30184
TEST_1278,289.9069
TEST_1279,347.00256
TEST_1280,67.2366
TEST_1281,42.279243
TEST_1282,93.49515
TEST_1283,330.7076
TEST_1284,115.42891
TEST_1285,1833.2047
TEST_1286,460.73645
TEST_1287,86.44457
TEST_1288,149.46939
TEST_1289,411.43988
TEST_1290,72.0948
TEST_1291,267.91626
TEST_1292,186.09798
TEST_1293,1046.6775
TEST_1294,329.61603
TEST_1295,1058.8938
TEST_1296,75.06054
TEST_1297,116.32902
TEST_1298,1227.1713
TEST_1299,327.17682
TEST_1300,34.480278
TEST_1301,229.66928
TEST_1302,242.49286
TEST_1303,618.51843
TEST_1304,67.83122
TEST_1305,315.4375
TEST_1306,171.65154
TEST_1307,549.994
TEST_1308,362.27603
TEST_1309,51.97367
TEST_1310,78.77057
TEST_1311,205.86703
TEST_1312,1750.7706
TEST_1313,290.5041
TEST_1314,297.47195
TEST_1315,311.58978
TEST_1316,129.72623
TEST_1317,60.203236
TEST_1318,146.82245
TEST_1319,59.774555
TEST_1320,109.735176
TEST_1321,121.36424
TEST_1322,524.06604
TEST_1323,82.49849
TEST_1324,24.45032
TEST_1325,27.56693
TEST_1326,147.57552
TEST_1327,480.72437
TEST_1328,83.41258
TEST_1329,541.592
TEST_1330,122.01677
TEST_1331,126.44389
TEST_1332,413.44757
TEST_1333,37.04722
TEST_1334,266.25986
TEST_1335,291.7273
TEST_1336,649.3699
TEST_1337,23.20596
TEST_1338,28.473963
TEST_1339,181.84148
TEST_1340,405.07663
TEST_1341,161.01813
TEST_1342,575.92944
TEST_1343,61.503098
TEST_1344,32.743393
TEST_1345,91.4097
TEST_1346,175.0726
TEST_1347,358.67023
TEST_1348,186.42172
TEST_1349,319.33014
TEST_1350,106.840576
TEST_1351,47.08834
TEST_1352,80.50333
TEST_1353,75.09013
TEST_1354,62.07406
TEST_1355,316.04022
TEST_1356,528.58276
TEST_1357,22.27396
TEST_1358,787.65356
TEST_1359,455.97925
TEST_1360,829.7085
TEST_1361,267.3175
TEST_1362,119.661224
TEST_1363,40.796604
TEST_1364,59.532635
TEST_1365,762.35205
TEST_1366,593.67487
TEST_1367,326.26553
TEST_1368,355.284
TEST_1369,642.52936
TEST_1370,41.22734
TEST_1371,736.7096
TEST_1372,57.11831
TEST_1373,22.93812
TEST_1374,835.1843
TEST_1375,31.581951
TEST_1376,32.577736
TEST_1377,51.214596
TEST_1378,86.61707
TEST_1379,54.88447
TEST_1380,90.55028
TEST_1381,42.365673
TEST_1382,85.03233
TEST_1383,417.76883
TEST_1384,132.6709
TEST_1385,25.68708
TEST_1386,982.1306
TEST_1387,36.47027
TEST_1388,105.709755
TEST_1389,445.073
TEST_1390,53.488792
TEST_1391,110.29857
TEST_1392,350.37073
TEST_1393,403.80988
TEST_1394,46.29472
TEST_1395,30.898746
TEST_1396,64.16771
TEST_1397,38.20848
TEST_1398,162.42812
TEST_1399,313.87112
TEST_1400,38.724754
TEST_1401,25.839329
TEST_1402,349.2241
TEST_1403,263.97208
TEST_1404,67.22651
TEST_1405,252.50269
TEST_1406,82.48596
TEST_1407,381.24585
TEST_1408,738.2899
TEST_1409,1336.4435
TEST_1410,209.53549
TEST_1411,180.20187
TEST_1412,317.29663
TEST_1413,32.3123
TEST_1414,66.75659
TEST_1415,35.111465
TEST_1416,53.118572
TEST_1417,210.77905
TEST_1418,336.57678
TEST_1419,149.4674
TEST_1420,237.1685
TEST_1421,95.06369
TEST_1422,520.9046
TEST_1423,330.7303
TEST_1424,107.46302
TEST_1425,270.88742
TEST_1426,35.202656
TEST_1427,48.62783
TEST_1428,328.4324
TEST_1429,205.21725
TEST_1430,149.68134
TEST_1431,461.20038
TEST_1432,370.17242
TEST_1433,210.46498
TEST_1434,261.74976
TEST_1435,92.17049
TEST_1436,43.72766
TEST_1437,432.745
TEST_1438,250.3124
TEST_1439,499.01245
TEST_1440,59.58932
TEST_1441,64.224304
TEST_1442,79.20946
TEST_1443,87.70093
TEST_1444,989.4424
TEST_1445,80.074554
TEST_1446,45.36577
TEST_1447,74.33899
TEST_1448,129.4288
TEST_1449,696.47974
TEST_1450,329.39133
TEST_1451,528.26227
TEST_1452,329.20697
TEST_1453,69.03152
TEST_1454,106.155914
TEST_1455,218.89952
TEST_1456,95.37839
TEST_1457,253.12866
TEST_1458,96.309906
TEST_1459,69.34538
TEST_1460,122.89222
TEST_1461,371.55322
TEST_1462,1310.8151
TEST_1463,310.34296
TEST_1464,81.74666
TEST_1465,72.70726
TEST_1466,227.36649
TEST_1467,34.583298
TEST_1468,47.1724
TEST_1469,171.02939
TEST_1470,186.7385
TEST_1471,87.57714
TEST_1472,158.46051
TEST_1473,115.45012
TEST_1474,54.51893
TEST_1475,348.80228
TEST_1476,90.617714
TEST_1477,338.63885
TEST_1478,201.26556
TEST_1479,115.15047
TEST_1480,38.45105
TEST_1481,27.776306
TEST_1482,40.739826
TEST_1483,490.15338
TEST_1484,68.736176
TEST_1485,311.2638
TEST_1486,103.19391
TEST_1487,507.0047
TEST_1488,103.13707
TEST_1489,95.34941
TEST_1490,72.79871
TEST_1491,84.70332
TEST_1492,317.96918
TEST_1493,80.36666
TEST_1494,114.18738
TEST_1495,105.49754
TEST_1496,275.27087
TEST_1497,315.9701
TEST_1498,387.34125
TEST_1499,459.427
TEST_1500,78.57274
TEST_1501,40.503387
TEST_1502,69.68917
TEST_1503,1056.7864
TEST_1504,198.4429
TEST_1505,46.901936
TEST_1506,1155.0264
TEST_1507,2497.625
TEST_1508,137.442
TEST_1509,80.37607
TEST_1510,37.64485
TEST_1511,84.46333
TEST_1512,100.24089
TEST_1513,48.45929
TEST_1514,62.948368
TEST_1515,420.45514
TEST_1516,90.489845
TEST_1517,59.63829
TEST_1518,83.522354
TEST_1519,116.311615
TEST_1520,614.8978
TEST_1521,377.1604
TEST_1522,344.0328
TEST_1523,41.285442
TEST_1524,1848.8926
TEST_1525,149.73349
TEST_1526,362.31888
TEST_1527,194.9611
TEST_1528,339.91486
TEST_1529,71.178055
TEST_1530,55.831657
TEST_1531,83.7256
TEST_1532,75.18481
TEST_1533,132.35878
TEST_1534,71.35853
TEST_1535,185.92294
TEST_1536,61.482384
TEST_1537,21.974865
TEST_1538,38.75315
TEST_1539,114.42366
TEST_1540,810.18835
TEST_1541,226.49597
TEST_1542,89.54794
TEST_1543,38.98652
TEST_1544,76.61498
TEST_1545,114.319275
TEST_1546,527.09033
TEST_1547,55.557766
TEST_1548,785.4727
TEST_1549,50.064007
TEST_1550,36.40741
TEST_1551,446.73322
TEST_1552,508.1571
TEST_1553,53.506493
TEST_1554,506.48856
TEST_1555,184.99396
TEST_1556,37.799114
TEST_1557,48.51461
TEST_1558,342.19482
TEST_1559,116.81501
TEST_1560,495.64197
TEST_1561,282.23932
TEST_1562,141.58762
TEST_1563,65.94144
TEST_1564,47.897125
TEST_1565,533.29614
TEST_1566,671.5321
TEST_1567,149.06642
TEST_1568,58.34482
TEST_1569,151.04555
TEST_1570,196.59695
TEST_1571,28.845137
TEST_1572,23.766697
TEST_1573,60.52102
TEST_1574,690.26984
TEST_1575,52.225548
TEST_1576,24.173134
TEST_1577,688.5549
TEST_1578,250.51761
TEST_1579,81.13674
TEST_1580,745.613
TEST_1581,79.345505
TEST_1582,64.21324
TEST_1583,352.18164
TEST_1584,76.550064
TEST_1585,65.46074
TEST_1586,59.698853
TEST_1587,238.84949
TEST_1588,27.398571
TEST_1589,436.3349
TEST_1590,368.7928
TEST_1591,80.26376
TEST_1592,67.36326
TEST_1593,551.51605
TEST_1594,331.9576
TEST_1595,451.8282
TEST_1596,648.1653
TEST_1597,123.73329
TEST_1598,54.82811
TEST_1599,73.2642
TEST_1600,94.920135
TEST_1601,181.29813
TEST_1602,650.6781
TEST_1603,351.49603
TEST_1604,806.47974
TEST_1605,71.484344
TEST_1606,540.635
TEST_1607,105.02507
TEST_1608,69.566574
TEST_1609,128.80598
TEST_1610,42.611717
TEST_1611,142.55283
TEST_1612,160.30643
TEST_1613,37.87113
TEST_1614,911.7679
TEST_1615,139.1293
TEST_1616,496.2716
TEST_1617,295.81027
TEST_1618,98.99602
TEST_1619,161.59872
TEST_1620,50.088024
TEST_1621,84.0329
TEST_1622,458.238
TEST_1623,66.25624
TEST_1624,487.9864
TEST_1625,51.207558
TEST_1626,237.21608
TEST_1627,101.48454
TEST_1628,120.554405
TEST_1629,556.9963
TEST_1630,904.253
TEST_1631,48.272346
TEST_1632,314.95386
TEST_1633,82.46808
TEST_1634,142.13799
TEST_1635,523.8893
TEST_1636,82.24817
TEST_1637,282.1985
TEST_1638,74.17573
TEST_1639,234.03656
TEST_1640,82.958115
TEST_1641,395.69843
TEST_1642,106.90489
TEST_1643,66.57947
TEST_1644,175.85565
TEST_1645,91.03638
TEST_1646,62.683716
TEST_1647,308.3941
TEST_1648,353.53088
TEST_1649,188.6592
TEST_1650,27.916718
TEST_1651,68.86421
TEST_1652,107.299286
TEST_1653,267.70764
TEST_1654,79.88482
TEST_1655,39.580482
TEST_1656,80.043465
TEST_1657,35.398026
TEST_1658,452.5789
TEST_1659,344.79144
TEST_1660,288.27658
TEST_1661,115.648056
TEST_1662,219.63654
TEST_1663,42.50236
TEST_1664,215.41394
TEST_1665,128.4956
TEST_1666,212.77753
TEST_1667,108.4544
TEST_1668,1516.595
TEST_1669,473.45712
TEST_1670,323.83694
TEST_1671,142.21698
TEST_1672,57.72474
TEST_1673,203.77841
TEST_1674,39.798046
TEST_1675,282.8086
TEST_1676,510.2814
TEST_1677,47.5981
TEST_1678,28.612534
TEST_1679,126.59818
TEST_1680,97.191864
TEST_1681,78.15143
TEST_1682,605.4043
TEST_1683,349.7936
TEST_1684,62.091354
TEST_1685,76.165344
TEST_1686,28.295584
TEST_1687,38.03927
TEST_1688,231.113
TEST_1689,129.45724
TEST_1690,53.574963
TEST_1691,60.81008
TEST_1692,56.357433
TEST_1693,55.833637
TEST_1694,713.31555
TEST_1695,137.82106
TEST_1696,686.45294
TEST_1697,64.28436
TEST_1698,191.91403
TEST_1699,76.55578
TEST_1700,847.37756
TEST_1701,61.817978
TEST_1702,165.11597
TEST_1703,95.7404
TEST_1704,482.18762
TEST_1705,34.941113
TEST_1706,47.383747
TEST_1707,291.964
TEST_1708,892.5436
TEST_1709,28.173569
TEST_1710,384.28873
TEST_1711,142.26996
TEST_1712,145.08397
TEST_1713,361.40692
TEST_1714,51.48627
TEST_1715,362.8638
TEST_1716,169.68738
TEST_1717,657.73157
TEST_1718,58.932995
TEST_1719,290.73712
TEST_1720,278.10138
TEST_1721,44.246174
TEST_1722,83.89718
TEST_1723,699.40717
TEST_1724,67.60311
TEST_1725,24.91017
TEST_1726,794.9171
TEST_1727,70.482124
TEST_1728,175.25551
TEST_1729,39.86174
TEST_1730,513.1743
TEST_1731,3117.2332
TEST_1732,69.51126
TEST_1733,92.74243
TEST_1734,1031.299
TEST_1735,137.76797
TEST_1736,28.515522
TEST_1737,490.66238
TEST_1738,834.56854
TEST_1739,47.44493
TEST_1740,724.75836
TEST_1741,45.875008
TEST_1742,178.75323
TEST_1743,33.57153
TEST_1744,163.99283
TEST_1745,47.188324
TEST_1746,78.31537
TEST_1747,37.397064
TEST_1748,158.65654
TEST_1749,348.17294
TEST_1750,47.211136
TEST_1751,547.4753
TEST_1752,102.18633
TEST_1753,723.56055
TEST_1754,26.11729
TEST_1755,317.11273
TEST_1756,96.6859
TEST_1757,23.862724
TEST_1758,164.97702
TEST_1759,90.49962
TEST_1760,170.85234
TEST_1761,22.422033
TEST_1762,205.26805
TEST_1763,41.03672
TEST_1764,582.32556
TEST_1765,33.855106
TEST_1766,65.87465
TEST_1767,312.91162
TEST_1768,202.57867
TEST_1769,113.100555
TEST_1770,82.39727
TEST_1771,49.010483
TEST_1772,637.26355
TEST_1773,71.585556
TEST_1774,147.38011
TEST_1775,44.70419
TEST_1776,25.761143
TEST_1777,123.662964
TEST_1778,188.72975
TEST_1779,69.78564
TEST_1780,369.2007
TEST_1781,139.73473
TEST_1782,292.34473
TEST_1783,242.31062
TEST_1784,59.172718
TEST_1785,1693.063
TEST_1786,81.197365
TEST_1787,128.40436
TEST_1788,39.687317
TEST_1789,63.49412
TEST_1790,299.19
TEST_1791,46.730507
TEST_1792,115.12265
TEST_1793,128.8765
TEST_1794,77.09615
TEST_1795,388.96136
TEST_1796,131.15852
TEST_1797,37.715733
TEST_1798,234.89793
TEST_1799,37.657112
TEST_1800,162.70428
TEST_1801,559.9689
TEST_1802,1677.4214
TEST_1803,63.964256
TEST_1804,278.63452
TEST_1805,125.51744
TEST_1806,76.74643
TEST_1807,356.9502
TEST_1808,78.74068
TEST_1809,90.97255
TEST_1810,651.3192
TEST_1811,88.93092
TEST_1812,401.1815
TEST_1813,87.5023
TEST_1814,3547.8618
TEST_1815,194.18706
TEST_1816,77.64816
TEST_1817,411.97534
TEST_1818,117.95323
TEST_1819,345.28665
TEST_1820,95.136955
TEST_1821,674.0792
TEST_1822,119.626305
TEST_1823,47.3518
TEST_1824,78.47569
TEST_1825,41.63308
TEST_1826,203.72665
TEST_1827,1823.684
TEST_1828,404.10434
TEST_1829,33.50389
TEST_1830,488.76898
TEST_1831,36.187134
TEST_1832,775.49963
TEST_1833,133.27611
TEST_1834,24.334625
TEST_1835,501.65952
TEST_1836,69.24008
TEST_1837,57.035667
TEST_1838,193.10219
TEST_1839,1252.2578
TEST_1840,420.48175
TEST_1841,426.31757
TEST_1842,577.1823
TEST_1843,262.00885
TEST_1844,32.580032
TEST_1845,38.94556
TEST_1846,112.749115
TEST_1847,585.4308
TEST_1848,215.5033
TEST_1849,61.359985
TEST_1850,22.953276
TEST_1851,161.42778
TEST_1852,317.02246
TEST_1853,153.5043
TEST_1854,604.5353
TEST_1855,454.50763
TEST_1856,40.641197
TEST_1857,70.68704
TEST_1858,70.322266
TEST_1859,107.93564
TEST_1860,90.58823
TEST_1861,421.97577
TEST_1862,641.2424
TEST_1863,83.998
TEST_1864,84.850845
TEST_1865,130.04263
TEST_1866,26.334415
TEST_1867,323.09103
TEST_1868,591.52203
TEST_1869,62.524284
TEST_1870,443.67062
TEST_1871,212.98724
TEST_1872,68.00516
TEST_1873,42.171677
TEST_1874,91.185425
TEST_1875,160.86374
TEST_1876,34.960236
TEST_1877,96.351944
TEST_1878,228.83551
TEST_1879,42.765877
TEST_1880,93.70166
TEST_1881,1080.8015
TEST_1882,243.54886
TEST_1883,74.14223
TEST_1884,130.15979
TEST_1885,199.19089
TEST_1886,43.075676
TEST_1887,14.697627
TEST_1888,139.1423
TEST_1889,135.39868
TEST_1890,1342.21
TEST_1891,409.59164
TEST_1892,58.253624
TEST_1893,91.316025
TEST_1894,173.69888
TEST_1895,402.69672
TEST_1896,295.70923
TEST_1897,59.96482
TEST_1898,187.86781
TEST_1899,103.21515
TEST_1900,133.97032
TEST_1901,128.85896
TEST_1902,640.6239
TEST_1903,360.67786
TEST_1904,425.7906
TEST_1905,132.27083
TEST_1906,48.984562
TEST_1907,224.3273
TEST_1908,80.81362
TEST_1909,101.369675
TEST_1910,176.669
TEST_1911,51.098053
TEST_1912,90.68059
TEST_1913,278.15997
TEST_1914,213.06635
TEST_1915,135.88876
TEST_1916,85.14294
TEST_1917,37.36851
TEST_1918,212.49686
TEST_1919,113.95744
TEST_1920,128.4281
TEST_1921,148.21756
TEST_1922,445.15903
TEST_1923,74.792435
TEST_1924,291.84665
TEST_1925,45.41271
TEST_1926,173.95537
TEST_1927,67.75096
TEST_1928,169.7565
TEST_1929,31.14553
TEST_1930,453.63412
TEST_1931,104.91166
TEST_1932,540.4278
TEST_1933,235.83183
TEST_1934,223.95746
TEST_1935,261.9565
TEST_1936,472.0268
TEST_1937,239.48181
TEST_1938,288.83167
TEST_1939,305.89038
TEST_1940,83.15559
TEST_1941,97.90868
TEST_1942,67.72443
TEST_1943,70.67305
TEST_1944,951.047
TEST_1945,239.35568
TEST_1946,53.26275
TEST_1947,57.586075
TEST_1948,408.78223
TEST_1949,159.56819
TEST_1950,412.09555
TEST_1951,91.73421
TEST_1952,79.11145
TEST_1953,132.12369
TEST_1954,92.433685
TEST_1955,155.76743
TEST_1956,422.60663
TEST_1957,62.163025
TEST_1958,837.3451
TEST_1959,86.48731
TEST_1960,64.118065
TEST_1961,1020.5361
TEST_1962,63.93834
TEST_1963,194.6659
TEST_1964,49.40046
TEST_1965,83.97821
TEST_1966,31.544853
TEST_1967,433.97925
TEST_1968,225.94421
TEST_1969,56.860584
TEST_1970,117.611145
TEST_1971,37.66218
TEST_1972,92.53958
TEST_1973,136.72868
TEST_1974,45.357716
TEST_1975,123.75472
TEST_1976,794.93536
TEST_1977,348.71814
TEST_1978,111.16517
TEST_1979,108.98132
TEST_1980,75.80769
TEST_1981,39.478794
TEST_1982,55.43069
TEST_1983,258.17987
TEST_1984,216.57011
TEST_1985,31.709751
TEST_1986,120.98972
TEST_1987,100.53265
TEST_1988,123.01297
TEST_1989,94.19356
TEST_1990,267.35065
TEST_1991,651.98096
TEST_1992,811.01746
TEST_1993,85.477936
TEST_1994,78.36754
TEST_1995,71.24204
TEST_1996,412.79138
TEST_1997,55.619873
TEST_1998,142.12567
TEST_1999,83.37334
TEST_2000,71.817276
TEST_2001,140.16548
TEST_2002,558.563
TEST_2003,18.810223
TEST_2004,30.098146
TEST_2005,276.94025
TEST_2006,59.457367
TEST_2007,510.76575
TEST_2008,797.364
TEST_2009,258.79987
TEST_2010,45.77625
TEST_2011,172.42488
TEST_2012,594.74207
TEST_2013,274.6725
TEST_2014,226.00081
TEST_2015,132.5325
TEST_2016,416.10275
TEST_2017,394.3005
TEST_2018,46.154957
TEST_2019,467.29547
TEST_2020,95.51482
TEST_2021,51.132782
TEST_2022,39.75245
TEST_2023,37.842537
TEST_2024,651.5678
TEST_2025,331.64862
TEST_2026,83.212524
TEST_2027,195.04898
TEST_2028,91.52719
TEST_2029,364.98035
TEST_2030,191.18881
TEST_2031,76.07418
TEST_2032,60.11543
TEST_2033,42.684235
TEST_2034,186.7465
TEST_2035,186.44177
TEST_2036,302.03204
TEST_2037,98.569305
TEST_2038,42.774384
TEST_2039,543.076
TEST_2040,138.98131
TEST_2041,20.927616
TEST_2042,364.57617
TEST_2043,143.80742
TEST_2044,136.75362
TEST_2045,982.2643
TEST_2046,74.55347
TEST_2047,39.624825
TEST_2048,58.610947
TEST_2049,113.526825
TEST_2050,41.899612
TEST_2051,44.23324
TEST_2052,229.4578
TEST_2053,51.37777
TEST_2054,103.12868
TEST_2055,331.64453
TEST_2056,58.95307
TEST_2057,315.39795
TEST_2058,156.46303
TEST_2059,140.78273
TEST_2060,311.5916
TEST_2061,112.55252
TEST_2062,637.7328
TEST_2063,398.82852
TEST_2064,848.79846
TEST_2065,836.8801
TEST_2066,145.68512
TEST_2067,59.4825
TEST_2068,101.137474
TEST_2069,53.575127
TEST_2070,157.883
TEST_2071,148.18445
TEST_2072,333.9928
TEST_2073,225.68298
TEST_2074,115.11561
TEST_2075,147.58646
TEST_2076,105.057434
TEST_2077,116.08383
TEST_2078,66.68178
TEST_2079,731.07697
TEST_2080,387.03503
TEST_2081,43.093346
TEST_2082,109.08945
TEST_2083,60.73854
TEST_2084,115.280174
TEST_2085,40.069386
TEST_2086,219.62521
TEST_2087,177.25053
TEST_2088,75.72453
TEST_2089,551.54877
TEST_2090,1059.8369
TEST_2091,44.622803
TEST_2092,940.88513
TEST_2093,680.5707
TEST_2094,82.72265
TEST_2095,51.087563
TEST_2096,227.70425
TEST_2097,346.75604
TEST_2098,53.653763
TEST_2099,233.89156
TEST_2100,132.6558
TEST_2101,1062.3184
TEST_2102,303.22592
TEST_2103,51.014374
TEST_2104,114.61041
TEST_2105,40.349262
TEST_2106,39.81331
TEST_2107,31.556252
TEST_2108,977.49927
TEST_2109,247.35117
TEST_2110,556.10815
TEST_2111,539.1605
TEST_2112,39.370922
TEST_2113,49.70433
TEST_2114,75.423416
TEST_2115,52.493027
TEST_2116,30.32443
TEST_2117,67.053474
TEST_2118,61.837547
TEST_2119,309.7694
TEST_2120,51.36721
TEST_2121,108.25449
TEST_2122,63.62879
TEST_2123,65.6506
TEST_2124,253.02919
TEST_2125,58.908646
TEST_2126,177.5133
TEST_2127,88.95296
TEST_2128,192.19887
TEST_2129,39.631413
TEST_2130,80.51723
TEST_2131,417.2713
TEST_2132,98.83752
TEST_2133,185.94574
TEST_2134,51.19494
TEST_2135,66.50329
TEST_2136,104.82693
TEST_2137,112.8772
TEST_2138,1514.5577
TEST_2139,207.36102
TEST_2140,331.28235
TEST_2141,1361.2136
TEST_2142,209.46724
TEST_2143,103.330185
TEST_2144,54.84954
TEST_2145,360.72925
TEST_2146,231.62204
TEST_2147,308.7398
TEST_2148,53.795937
TEST_2149,1524.1401
TEST_2150,61.96411
TEST_2151,100.18731
TEST_2152,43.952972
TEST_2153,102.45828
TEST_2154,64.46166
TEST_2155,59.683056
TEST_2156,19.471104
TEST_2157,221.25629
TEST_2158,33.39779
TEST_2159,1450.0144
TEST_2160,352.54907
TEST_2161,103.148155
TEST_2162,114.691
TEST_2163,127.93769
TEST_2164,286.84204
TEST_2165,88.43515
TEST_2166,62.780563
TEST_2167,110.299774
TEST_2168,609.1322
TEST_2169,46.998695
TEST_2170,228.97
TEST_2171,341.0135
TEST_2172,63.301575
TEST_2173,32.467834
TEST_2174,259.0647
TEST_2175,33.922596
TEST_2176,342.60504
TEST_2177,55.7631
TEST_2178,57.55271
TEST_2179,1322.4963
TEST_2180,49.780247
TEST_2181,307.8467
TEST_2182,98.463745
TEST_2183,452.54462
TEST_2184,35.923344
TEST_2185,375.16095
TEST_2186,111.012924
TEST_2187,116.401245
TEST_2188,522.8567
TEST_2189,76.3118
TEST_2190,62.85065
TEST_2191,80.47366
TEST_2192,155.44766
TEST_2193,209.95352
TEST_2194,74.15917
TEST_2195,859.5006
TEST_2196,114.85795
TEST_2197,48.338642
TEST_2198,82.274796
TEST_2199,64.77763
TEST_2200,39.037437
TEST_2201,114.596436
TEST_2202,39.67832
TEST_2203,2422.173
TEST_2204,451.73178
TEST_2205,113.52371
TEST_2206,105.29428
TEST_2207,56.69048
TEST_2208,232.00595
TEST_2209,223.23291
TEST_2210,127.204124
TEST_2211,442.6013
TEST_2212,196.66934
TEST_2213,159.92087
TEST_2214,46.53622
TEST_2215,57.08131
TEST_2216,62.8713
TEST_2217,241.43695
TEST_2218,158.06447
TEST_2219,41.26272
TEST_2220,55.551773
TEST_2221,302.78235
TEST_2222,23.533636
TEST_2223,195.95245
TEST_2224,58.54876
TEST_2225,129.48486
TEST_2226,643.4492
TEST_2227,51.793022
TEST_2228,483.09036
TEST_2229,912.8709
TEST_2230,178.2951
TEST_2231,184.50807
TEST_2232,135.97354
TEST_2233,35.169422
TEST_2234,695.2244
TEST_2235,203.2365
TEST_2236,505.12524
TEST_2237,140.40314
TEST_2238,156.74391
TEST_2239,169.35583
TEST_2240,146.18259
TEST_2241,435.4389
TEST_2242,102.06613
TEST_2243,39.17011
TEST_2244,40.433315
TEST_2245,35.106415
TEST_2246,432.41086
TEST_2247,362.0881
TEST_2248,63.058815
TEST_2249,171.43501
TEST_2250,406.3598
TEST_2251,50.10289
TEST_2252,226.7163
TEST_2253,49.7552
TEST_2254,619.52924
TEST_2255,168.869
TEST_2256,631.51495
TEST_2257,112.71274
TEST_2258,244.02766
TEST_2259,372.66248
TEST_2260,51.277096
TEST_2261,600.3425
TEST_2262,265.40662
TEST_2263,69.483246
TEST_2264,65.4379
TEST_2265,945.0541
TEST_2266,248.6518
TEST_2267,46.08844
TEST_2268,51.082066
TEST_2269,71.377914
TEST_2270,309.23492
TEST_2271,555.23914
TEST_2272,28.570196
TEST_2273,85.00661
TEST_2274,61.420933
TEST_2275,36.56211
TEST_2276,47.747887
TEST_2277,334.9594
TEST_2278,48.928535
TEST_2279,47.345993
TEST_2280,42.624565
TEST_2281,256.1225
TEST_2282,306.97412
TEST_2283,181.09473
TEST_2284,75.16973
TEST_2285,299.62283
TEST_2286,57.61989
TEST_2287,96.54364
TEST_2288,29.899136
TEST_2289,64.76486
TEST_2290,129.50455
TEST_2291,669.1936
TEST_2292,338.90128
TEST_2293,29.431599
TEST_2294,403.11887
TEST_2295,498.5507
TEST_2296,246.3645
TEST_2297,340.52344
TEST_2298,80.61031
TEST_2299,43.70525
TEST_2300,373.33673
TEST_2301,471.57898
TEST_2302,319.84216
TEST_2303,49.86748
TEST_2304,37.00955
TEST_2305,151.47044
TEST_2306,206.64969
TEST_2307,354.4618
TEST_2308,67.739006
TEST_2309,358.68817
TEST_2310,441.84015
TEST_2311,64.227615
TEST_2312,67.9918
TEST_2313,134.65833
TEST_2314,39.155922
TEST_2315,93.81786
TEST_2316,116.55644
TEST_2317,38.83616
TEST_2318,44.917667
TEST_2319,194.47552
TEST_2320,104.28851
TEST_2321,229.37167
TEST_2322,432.06586
TEST_2323,126.56478
TEST_2324,552.9522
TEST_2325,85.95387
TEST_2326,54.517754
TEST_2327,40.19652
TEST_2328,372.49323
TEST_2329,2311.4934
TEST_2330,120.68199
TEST_2331,78.53581
TEST_2332,77.10226
TEST_2333,439.13293
TEST_2334,38.6736
TEST_2335,41.8396
TEST_2336,735.1088
TEST_2337,366.08496
TEST_2338,424.34943
TEST_2339,232.14734
TEST_2340,79.33258
TEST_2341,47.35166
TEST_2342,146.22295
TEST_2343,148.6849
TEST_2344,1399.5242
TEST_2345,47.5391
TEST_2346,77.94014
TEST_2347,790.0348
TEST_2348,96.513016
TEST_2349,31.723906
TEST_2350,860.5087
TEST_2351,60.010715
TEST_2352,326.26025
TEST_2353,341.49756
TEST_2354,39.526306
TEST_2355,145.5365
TEST_2356,254.78198
TEST_2357,108.62602
TEST_2358,100.9991
TEST_2359,302.82898
TEST_2360,283.28354
TEST_2361,26.38554
TEST_2362,283.53854
TEST_2363,28.450144
TEST_2364,340.80695
TEST_2365,339.9222
TEST_2366,903.6281
TEST_2367,202.61185
TEST_2368,157.22719
TEST_2369,573.89417
TEST_2370,48.43931
TEST_2371,51.952805
TEST_2372,1365.7584
TEST_2373,336.56
TEST_2374,365.20078
TEST_2375,38.548996
TEST_2376,341.1025
TEST_2377,668.72327
TEST_2378,124.84953
TEST_2379,67.02692
TEST_2380,199.38503
TEST_2381,191.71545
TEST_2382,134.01819
TEST_2383,531.57605
TEST_2384,108.992676
TEST_2385,34.159058
TEST_2386,550.8793
TEST_2387,132.13498
TEST_2388,783.87604
TEST_2389,364.53406
TEST_2390,153.2052
TEST_2391,21.20097
TEST_2392,693.6786
TEST_2393,326.97568
TEST_2394,54.415924
TEST_2395,78.02064
TEST_2396,133.88646
TEST_2397,327.5432
TEST_2398,263.8282
TEST_2399,558.8654
TEST_2400,138.33708
TEST_2401,27.76009
TEST_2402,325.91183
TEST_2403,41.28961
TEST_2404,148.36862
TEST_2405,1107.8317
TEST_2406,49.102833
TEST_2407,1188.8965
TEST_2408,356.58563
TEST_2409,34.41712
TEST_2410,220.03996
TEST_2411,35.305687
TEST_2412,459.37158
TEST_2413,39.267845
TEST_2414,34.051704
TEST_2415,91.56137
TEST_2416,870.8913
TEST_2417,298.44104
TEST_2418,188.48785
TEST_2419,48.994774
TEST_2420,674.16296
TEST_2421,391.95474
TEST_2422,50.707344
TEST_2423,373.02783
TEST_2424,463.7052
TEST_2425,52.40621
TEST_2426,51.880272
TEST_2427,86.053345
TEST_2428,27.623783
TEST_2429,44.144295
TEST_2430,149.72394
TEST_2431,72.12176
TEST_2432,929.17664
TEST_2433,46.647377
TEST_2434,408.08307
TEST_2435,474.90475
TEST_2436,1271.1963
TEST_2437,448.2945
TEST_2438,210.27856
TEST_2439,624.26117
TEST_2440,179.90662
TEST_2441,50.918877
TEST_2442,38.693
TEST_2443,169.37485
TEST_2444,304.4876
TEST_2445,67.70549
TEST_2446,47.50818
TEST_2447,97.34415
TEST_2448,27.443947
TEST_2449,262.9921
TEST_2450,81.769775
TEST_2451,37.517597
TEST_2452,273.2234
TEST_2453,47.679565
TEST_2454,94.31126
TEST_2455,34.26596
TEST_2456,67.93403
TEST_2457,36.27706
TEST_2458,163.15515
TEST_2459,280.5878
TEST_2460,456.81335
TEST_2461,58.439716
TEST_2462,70.164955
TEST_2463,855.492
TEST_2464,132.44742
TEST_2465,254.0027
TEST_2466,452.2777
TEST_2467,69.40524
TEST_2468,132.18488
TEST_2469,141.94528
TEST_2470,140.70197
TEST_2471,457.64587
TEST_2472,201.09929
TEST_2473,738.822
TEST_2474,329.17715
TEST_2475,330.79626
TEST_2476,2068.627
TEST_2477,169.95634
TEST_2478,37.636543
TEST_2479,86.60805
TEST_2480,77.089165
TEST_2481,137.02495
TEST_2482,460.98865
TEST_2483,146.50333
TEST_2484,115.570206
TEST_2485,72.11557
TEST_2486,523.6578
TEST_2487,181.74931
TEST_2488,102.146515
TEST_2489,33.28611
TEST_2490,907.1465
TEST_2491,134.86156
TEST_2492,36.489693
TEST_2493,65.926865
TEST_2494,320.17065
TEST_2495,461.0539
TEST_2496,428.56464
TEST_2497,85.13773
TEST_2498,267.33237
TEST_2499,257.04257
TEST_2500,85.64673
TEST_2501,110.31693
TEST_2502,77.33909
TEST_2503,322.21124
TEST_2504,744.6355
TEST_2505,37.780426
TEST_2506,300.01733
TEST_2507,65.51594
TEST_2508,79.66496
TEST_2509,201.70035
TEST_2510,555.92334
TEST_2511,71.94902
TEST_2512,170.27008
TEST_2513,232.048
TEST_2514,349.00818
TEST_2515,117.47348
TEST_2516,48.88359
TEST_2517,149.5819
TEST_2518,89.67307
TEST_2519,42.69998
TEST_2520,520.5791
TEST_2521,43.085426
TEST_2522,140.49734
TEST_2523,437.49176
TEST_2524,307.6718
TEST_2525,73.04927
TEST_2526,359.0177
TEST_2527,540.39307
TEST_2528,581.01025
TEST_2529,159.67079
TEST_2530,92.024506
TEST_2531,517.2135
TEST_2532,712.03625
TEST_2533,28.80722
TEST_2534,52.912594
TEST_2535,41.172035
TEST_2536,40.124638
TEST_2537,41.18815
TEST_2538,1262.1455
TEST_2539,99.7394
TEST_2540,887.35913
TEST_2541,90.46099
TEST_2542,82.54177
TEST_2543,224.40349
TEST_2544,55.52406
TEST_2545,442.92758
TEST_2546,156.19133
TEST_2547,119.29686
TEST_2548,690.33136
TEST_2549,81.09659
TEST_2550,72.59278
TEST_2551,301.33646
TEST_2552,95.32054
TEST_2553,323.4098
TEST_2554,102.52144
TEST_2555,260.36615
TEST_2556,76.46807
TEST_2557,46.045357
TEST_2558,646.6849
TEST_2559,23.45887
TEST_2560,26.37233
TEST_2561,27.287802
TEST_2562,2104.8013
TEST_2563,75.96462
TEST_2564,516.9436
TEST_2565,134.68729
TEST_2566,21.656935
TEST_2567,445.4571
TEST_2568,29.455181
TEST_2569,29.677132
TEST_2570,158.64902
TEST_2571,310.8638
TEST_2572,58.463047
TEST_2573,407.80267
TEST_2574,842.6282
TEST_2575,452.5235
TEST_2576,336.02914
TEST_2577,127.28132
TEST_2578,24.315727
TEST_2579,592.9132
TEST_2580,43.28869
TEST_2581,47.705723
TEST_2582,356.89926
TEST_2583,52.90136
TEST_2584,68.389786
TEST_2585,77.91326
TEST_2586,92.479416
TEST_2587,382.84784
TEST_2588,150.48227
TEST_2589,504.00354
TEST_2590,82.282394
TEST_2591,67.841705
TEST_2592,134.7264
TEST_2593,282.39078
TEST_2594,84.65643
TEST_2595,55.582054
TEST_2596,242.87466
TEST_2597,521.0039
TEST_2598,70.429855
TEST_2599,1121.9291
TEST_2600,463.11664
TEST_2601,87.311005
TEST_2602,108.97461
TEST_2603,526.85693
TEST_2604,809.27295
TEST_2605,73.94544
TEST_2606,115.08946
TEST_2607,72.06372
TEST_2608,36.082664
TEST_2609,335.52206
TEST_2610,81.404526
TEST_2611,25.439075
TEST_2612,30.745031
TEST_2613,137.17078
TEST_2614,329.09094
TEST_2615,44.877796
TEST_2616,99.9765
TEST_2617,50.533146
TEST_2618,125.98601
TEST_2619,123.681786
TEST_2620,895.18463
TEST_2621,149.99454
TEST_2622,83.735825
TEST_2623,102.3749
TEST_2624,350.8859
TEST_2625,1756.9686
TEST_2626,1528.7705
TEST_2627,198.9137
TEST_2628,56.941772
TEST_2629,54.570053
TEST_2630,54.563854
TEST_2631,140.65187
TEST_2632,41.17025
TEST_2633,155.88551
TEST_2634,465.08133
TEST_2635,2665.2886
TEST_2636,312.52753
TEST_2637,461.88776
TEST_2638,162.26657
TEST_2639,63.141773
TEST_2640,61.607655
TEST_2641,99.979774
TEST_2642,708.6176
TEST_2643,238.37679
TEST_2644,103.44395
TEST_2645,107.10233
TEST_2646,24.342186
TEST_2647,412.03796
TEST_2648,156.81415
TEST_2649,126.95483
TEST_2650,92.075424
TEST_2651,93.64138
TEST_2652,962.1159
TEST_2653,560.54675
TEST_2654,55.515194
TEST_2655,342.77188
TEST_2656,285.35303
TEST_2657,314.2735
TEST_2658,404.79022
TEST_2659,442.9229
TEST_2660,414.52777
TEST_2661,175.14725
TEST_2662,82.36279
TEST_2663,69.29723
TEST_2664,112.83759
TEST_2665,93.07243
TEST_2666,47.40451
TEST_2667,136.03879
TEST_2668,510.2735
TEST_2669,59.237823
TEST_2670,164.99828
TEST_2671,358.2998
TEST_2672,65.04324
TEST_2673,77.94942
TEST_2674,76.927795
TEST_2675,214.51933
TEST_2676,41.722347
TEST_2677,63.970592
TEST_2678,34.7126
TEST_2679,295.16974
TEST_2680,2333.005
TEST_2681,49.51554
TEST_2682,32.36678
TEST_2683,51.486385
TEST_2684,53.566555
TEST_2685,123.867966
TEST_2686,206.5379
TEST_2687,29.85308
TEST_2688,48.719807
TEST_2689,197.92807
TEST_2690,81.48532
TEST_2691,201.07295
TEST_2692,130.22928
TEST_2693,95.065544
TEST_2694,120.68561
TEST_2695,741.6008
TEST_2696,464.79544
TEST_2697,31.843357
TEST_2698,30.724817
TEST_2699,1391.0422
TEST_2700,212.36923
TEST_2701,55.418434
TEST_2702,68.75794
TEST_2703,287.89166
TEST_2704,42.604454
TEST_2705,180.26854
TEST_2706,177.31364
TEST_2707,336.756
TEST_2708,607.24164
TEST_2709,325.71445
TEST_2710,119.677826
TEST_2711,76.497345
TEST_2712,257.71588
TEST_2713,28.316736
TEST_2714,120.63853
TEST_2715,175.21208
TEST_2716,238.93837
TEST_2717,368.45624
TEST_2718,36.456882
TEST_2719,66.79384
TEST_2720,207.97353
TEST_2721,295.4948
TEST_2722,90.16973
TEST_2723,224.73322
TEST_2724,262.4766
TEST_2725,40.91665
TEST_2726,55.93432
TEST_2727,71.98993
TEST_2728,108.33437
TEST_2729,62.11844
TEST_2730,44.379387
TEST_2731,206.36655
TEST_2732,421.45795
TEST_2733,532.8724
TEST_2734,83.8965
TEST_2735,212.49924
TEST_2736,64.76168
TEST_2737,228.88034
TEST_2738,338.7098
TEST_2739,40.05849
TEST_2740,397.30362
TEST_2741,644.9306
TEST_2742,807.83923
TEST_2743,364.41364
TEST_2744,90.81401
TEST_2745,157.68301
TEST_2746,147.13364
TEST_2747,303.9258
TEST_2748,75.960266
TEST_2749,49.296883
TEST_2750,32.8868
TEST_2751,80.218025
TEST_2752,541.621
TEST_2753,1208.0627
TEST_2754,33.40896
TEST_2755,93.64929
TEST_2756,74.688934
TEST_2757,727.8988
TEST_2758,241.75128
TEST_2759,819.36694
TEST_2760,326.25348
TEST_2761,166.14313
TEST_2762,49.57629
TEST_2763,335.92816
TEST_2764,41.03116
TEST_2765,862.6842
TEST_2766,244.83029
TEST_2767,213.63268
TEST_2768,83.81431
TEST_2769,123.51307
TEST_2770,129.06244
TEST_2771,195.83295
TEST_2772,395.00632
TEST_2773,29.682882
TEST_2774,266.44464
TEST_2775,339.27527
TEST_2776,427.59976
TEST_2777,119.031296
TEST_2778,664.0035
TEST_2779,56.925453
TEST_2780,157.85794
TEST_2781,1444.4856
TEST_2782,473.8871
TEST_2783,52.32453
TEST_2784,163.16335
TEST_2785,320.03467
TEST_2786,46.52157
TEST_2787,62.12648
TEST_2788,464.26425
TEST_2789,125.31308
TEST_2790,273.8476
TEST_2791,246.12122
TEST_2792,473.35144
TEST_2793,54.555748
TEST_2794,89.34985
TEST_2795,488.6219
TEST_2796,72.733406
TEST_2797,617.032
TEST_2798,66.055855
TEST_2799,37.916416
TEST_2800,238.83246
TEST_2801,196.9353
TEST_2802,39.164925
TEST_2803,231.48773
TEST_2804,51.24715
TEST_2805,43.006226
TEST_2806,89.102776
TEST_2807,326.73834
TEST_2808,230.86932
TEST_2809,96.58186
TEST_2810,260.6657
TEST_2811,375.63177
TEST_2812,74.66336
TEST_2813,101.78647
TEST_2814,241.85594
TEST_2815,38.763428
TEST_2816,44.726658
TEST_2817,74.08393
TEST_2818,68.54164
TEST_2819,57.076332
TEST_2820,43.633255
TEST_2821,179.36055
TEST_2822,391.47614
TEST_2823,31.092834
TEST_2824,183.50623
TEST_2825,1069.4446
TEST_2826,544.6335
TEST_2827,1290.8722
TEST_2828,84.9645
TEST_2829,993.72314
TEST_2830,75.723045
TEST_2831,138.18584
TEST_2832,251.86136
TEST_2833,28.897966
TEST_2834,265.23328
TEST_2835,122.73512
TEST_2836,481.79962
TEST_2837,23.169783
TEST_2838,472.51843
TEST_2839,115.927155
TEST_2840,272.01663
TEST_2841,169.30496
TEST_2842,1077.315
TEST_2843,158.71706
TEST_2844,422.4707
TEST_2845,115.2809
TEST_2846,220.971
TEST_2847,426.4148
TEST_2848,80.034195
TEST_2849,376.21075
TEST_2850,80.96698
TEST_2851,459.1047
TEST_2852,110.75364
TEST_2853,152.19656
TEST_2854,32.18328
TEST_2855,82.600845
TEST_2856,864.5006
TEST_2857,301.94763
TEST_2858,179.53992
TEST_2859,251.188
TEST_2860,176.32367
TEST_2861,612.8564
TEST_2862,31.017733
TEST_2863,557.22455
TEST_2864,110.82979
TEST_2865,29.48028
TEST_2866,174.60526
TEST_2867,242.86725
TEST_2868,88.616196
TEST_2869,70.20537
TEST_2870,45.745983
TEST_2871,301.38348
TEST_2872,237.61435
TEST_2873,869.03217
TEST_2874,1078.1527
TEST_2875,56.6417
TEST_2876,57.637444
TEST_2877,1333.935
TEST_2878,335.0408
TEST_2879,34.026665
TEST_2880,395.97287
TEST_2881,71.9382
TEST_2882,369.4316
TEST_2883,165.39473
TEST_2884,128.17116
TEST_2885,443.36954
TEST_2886,516.142
TEST_2887,548.27325
TEST_2888,178.37671
TEST_2889,55.299877
TEST_2890,881.7522
TEST_2891,125.31581
TEST_2892,123.921555
TEST_2893,325.9122
TEST_2894,308.35452
TEST_2895,912.50195
TEST_2896,200.64098
TEST_2897,273.31866
TEST_2898,146.48254
TEST_2899,52.672752
TEST_2900,280.65756
TEST_2901,414.32214
TEST_2902,37.317226
TEST_2903,190.4055
TEST_2904,371.4061
TEST_2905,117.50169
TEST_2906,1699.2051
TEST_2907,250.29034
TEST_2908,70.39476
TEST_2909,68.04053
TEST_2910,948.2831
TEST_2911,284.34933
TEST_2912,133.9124
TEST_2913,31.774319
TEST_2914,1010.95844
TEST_2915,160.62357
TEST_2916,951.80286
TEST_2917,38.289597
TEST_2918,257.92163
TEST_2919,95.78488
TEST_2920,141.4598
TEST_2921,123.26125
TEST_2922,484.35107
TEST_2923,358.4933
TEST_2924,27.391079
TEST_2925,335.65118
TEST_2926,281.69434
TEST_2927,130.69836
TEST_2928,101.1841
TEST_2929,317.68652
TEST_2930,137.8935
TEST_2931,58.211113
TEST_2932,332.1729
TEST_2933,79.758575
TEST_2934,52.866714
TEST_2935,734.2208
TEST_2936,36.651012
TEST_2937,83.03041
TEST_2938,46.051617
TEST_2939,133.3855
TEST_2940,28.269915
TEST_2941,249.11493
TEST_2942,656.0344
TEST_2943,527.93604
TEST_2944,252.99496
TEST_2945,275.28644
TEST_2946,94.99899
TEST_2947,352.8892
TEST_2948,423.02942
TEST_2949,225.82156
TEST_2950,196.04515
TEST_2951,1489.2372
TEST_2952,152.64961
TEST_2953,95.39635
TEST_2954,84.1937
TEST_2955,678.16296
TEST_2956,858.4729
TEST_2957,353.8165
TEST_2958,214.32394
TEST_2959,937.35034
TEST_2960,719.92444
TEST_2961,60.660004
TEST_2962,509.2301
TEST_2963,1714.6794
TEST_2964,177.4571
TEST_2965,259.98483
TEST_2966,62.85446
TEST_2967,33.97408
TEST_2968,990.0175
TEST_2969,54.393425
TEST_2970,68.01633
TEST_2971,1079.7861
TEST_2972,477.32147
TEST_2973,219.23206
TEST_2974,51.852715
TEST_2975,168.69179
TEST_2976,612.88776
TEST_2977,29.329708
TEST_2978,784.4854
TEST_2979,59.64605
TEST_2980,179.26532
TEST_2981,52.297253
TEST_2982,781.161
TEST_2983,127.588615
TEST_2984,1534.2266
TEST_2985,153.99675
TEST_2986,204.17732
TEST_2987,305.0573
TEST_2988,62.076283
TEST_2989,472.27374
TEST_2990,34.188267
TEST_2991,1012.5509
TEST_2992,119.059135
TEST_2993,53.505547
TEST_2994,56.763145
TEST_2995,174.43744
TEST_2996,82.58499
TEST_2997,223.49695
TEST_2998,1390.0273
TEST_2999,67.44145
TEST_3000,47.73331
TEST_3001,317.35925
TEST_3002,164.45038
TEST_3003,37.27346
TEST_3004,658.1423
TEST_3005,57.334095
TEST_3006,56.54541
TEST_3007,24.03515
TEST_3008,37.287834
TEST_3009,518.589
TEST_3010,516.0623
TEST_3011,43.6181
TEST_3012,311.23596
TEST_3013,54.608055
TEST_3014,1432.0583
TEST_3015,276.53232
TEST_3016,52.787453
TEST_3017,1162.596
TEST_3018,113.54962
TEST_3019,118.76265
TEST_3020,940.08356
TEST_3021,102.03584
TEST_3022,33.254047
TEST_3023,252.1004
TEST_3024,189.68294
TEST_3025,138.37596
TEST_3026,330.0126
TEST_3027,237.85635
TEST_3028,40.26258
TEST_3029,251.96692
TEST_3030,189.36096
TEST_3031,43.142124
TEST_3032,280.45715
TEST_3033,344.0887
TEST_3034,136.408
TEST_3035,88.29019
TEST_3036,195.23723
TEST_3037,54.819412
TEST_3038,55.57859
TEST_3039,326.7614
TEST_3040,77.0965
TEST_3041,168.03815
TEST_3042,50.86543
TEST_3043,84.86192
TEST_3044,366.3987
TEST_3045,130.24133
TEST_3046,291.13922
TEST_3047,879.6525
TEST_3048,26.48026
TEST_3049,49.383064
TEST_3050,59.84217
TEST_3051,96.47588
TEST_3052,82.79325
TEST_3053,674.20605
TEST_3054,1137.7548
TEST_3055,444.8213
TEST_3056,249.19952
TEST_3057,413.76193
TEST_3058,318.22156
TEST_3059,63.977867
TEST_3060,84.0149
TEST_3061,523.91895
TEST_3062,180.96512
TEST_3063,99.54237
TEST_3064,35.090317
TEST_3065,251.93997
TEST_3066,459.61673
TEST_3067,98.53951
TEST_3068,64.18513
TEST_3069,155.07117
TEST_3070,822.436
TEST_3071,236.22002
TEST_3072,177.7043
TEST_3073,353.11548
TEST_3074,112.810616
TEST_3075,110.86748
TEST_3076,82.89571
TEST_3077,385.5162
TEST_3078,84.46435
TEST_3079,39.892033
TEST_3080,299.74005
TEST_3081,64.36303
TEST_3082,431.63788
TEST_3083,52.28868
TEST_3084,682.7607
TEST_3085,1475.5616
TEST_3086,944.6394
TEST_3087,18.644585
TEST_3088,165.77798
TEST_3089,36.39904
TEST_3090,403.71387
TEST_3091,117.18588
TEST_3092,230.60425
TEST_3093,949.14026
TEST_3094,1382.3488
TEST_3095,162.7685
TEST_3096,535.2974
TEST_3097,34.27427
TEST_3098,786.8182
TEST_3099,152.30087
TEST_3100,83.59661
TEST_3101,42.566086
TEST_3102,54.758068
TEST_3103,158.37122
TEST_3104,64.369705
TEST_3105,232.50717
TEST_3106,76.83375
TEST_3107,132.8285
TEST_3108,51.55847
TEST_3109,526.4368
TEST_3110,175.70685
TEST_3111,73.6362
TEST_3112,63.106064
TEST_3113,318.2173
TEST_3114,129.7024
TEST_3115,612.0262
TEST_3116,187.42741
TEST_3117,91.60501
TEST_3118,363.93915
TEST_3119,47.459976
TEST_3120,251.95801
TEST_3121,59.033203
TEST_3122,32.097404
TEST_3123,181.28302
TEST_3124,743.8053
TEST_3125,46.07171
TEST_3126,180.54483
TEST_3127,45.17941
TEST_3128,47.26036
TEST_3129,39.388317
TEST_3130,119.804054
TEST_3131,296.88995
TEST_3132,130.38785
TEST_3133,162.06552
TEST_3134,73.16267
TEST_3135,85.01753
TEST_3136,332.46512
TEST_3137,314.50458
TEST_3138,151.55234
TEST_3139,107.48397
TEST_3140,30.61464
TEST_3141,58.673157
TEST_3142,473.52222
TEST_3143,165.69876
TEST_3144,34.360886
TEST_3145,916.0755
TEST_3146,220.42076
TEST_3147,507.73962
TEST_3148,318.64926
TEST_3149,59.80716
TEST_3150,52.38378
TEST_3151,72.92328
TEST_3152,111.28128
TEST_3153,60.352654
TEST_3154,284.45578
TEST_3155,49.074802
TEST_3156,28.184322
TEST_3157,54.30503
TEST_3158,105.61585
TEST_3159,108.57629
TEST_3160,298.458
TEST_3161,299.63025
TEST_3162,66.694954
TEST_3163,64.03137
TEST_3164,341.9244
TEST_3165,692.12476
TEST_3166,48.51832
TEST_3167,416.0125
TEST_3168,96.70194
TEST_3169,249.65672
TEST_3170,119.09593
TEST_3171,150.84013
TEST_3172,199.12411
TEST_3173,989.1691
TEST_3174,120.48484
TEST_3175,157.94818
TEST_3176,413.5874
TEST_3177,210.25366
TEST_3178,602.02686
TEST_3179,54.342346
TEST_3180,305.1283
TEST_3181,872.7322
TEST_3182,1016.73474
TEST_3183,68.74808
TEST_3184,45.741676
TEST_3185,54.88339
TEST_3186,60.652855
TEST_3187,71.118484
TEST_3188,158.26619
TEST_3189,909.0357
TEST_3190,763.91077
TEST_3191,27.291025
TEST_3192,30.318562
TEST_3193,161.9552
TEST_3194,300.1609
TEST_3195,323.70428
TEST_3196,139.07053
TEST_3197,200.91681
TEST_3198,375.31958
TEST_3199,648.12683
TEST_3200,61.203133
TEST_3201,367.40723
TEST_3202,201.90315
TEST_3203,21.864996
TEST_3204,76.57815
TEST_3205,155.30258
TEST_3206,36.490513
TEST_3207,91.1806
TEST_3208,136.71564
TEST_3209,82.94351
TEST_3210,74.27588
TEST_3211,396.6606
TEST_3212,103.1026
TEST_3213,1230.3337
TEST_3214,37.174793
TEST_3215,321.10208
TEST_3216,62.000916
TEST_3217,127.236755
TEST_3218,55.293808
TEST_3219,126.35214
TEST_3220,103.05364
TEST_3221,305.3344
TEST_3222,51.66458
TEST_3223,622.1942
TEST_3224,457.83575
TEST_3225,377.37247
TEST_3226,124.6277
TEST_3227,615.2276
TEST_3228,769.04645
TEST_3229,29.630217
TEST_3230,177.14822
TEST_3231,491.25824
TEST_3232,28.81371
TEST_3233,70.21818
TEST_3234,33.372643
TEST_3235,140.98425
TEST_3236,43.52299
TEST_3237,681.0066
TEST_3238,344.86096
TEST_3239,786.4923
TEST_3240,224.88127
TEST_3241,533.67883
TEST_3242,668.7953
TEST_3243,63.404236
TEST_3244,223.37167
TEST_3245,1117.2742
TEST_3246,53.573326
TEST_3247,343.02057
TEST_3248,492.14862
TEST_3249,279.1014
TEST_3250,29.170504
TEST_3251,494.6365
TEST_3252,95.86287
TEST_3253,48.014763
TEST_3254,78.67688
TEST_3255,63.451553
TEST_3256,454.49255
TEST_3257,101.607666
TEST_3258,80.82822
TEST_3259,533.98694
TEST_3260,35.833717
TEST_3261,310.31232
TEST_3262,122.99498
TEST_3263,162.51643
TEST_3264,1563.135
TEST_3265,53.8082
TEST_3266,75.582794
TEST_3267,64.412285
TEST_3268,140.01022
TEST_3269,1760.3037
TEST_3270,777.64526
TEST_3271,26.001484
TEST_3272,468.2147
TEST_3273,168.22572
TEST_3274,33.333187
TEST_3275,349.7134
TEST_3276,325.4023
TEST_3277,370.9886
TEST_3278,964.5593
TEST_3279,25.249634
TEST_3280,40.596283
TEST_3281,65.84061
TEST_3282,75.25589
TEST_3283,185.88606
TEST_3284,52.237053
TEST_3285,968.46606
TEST_3286,386.49463
TEST_3287,58.849888
TEST_3288,747.48206
TEST_3289,61.130234
TEST_3290,167.91573
TEST_3291,165.43423
TEST_3292,97.84534
TEST_3293,239.02045
TEST_3294,57.964775
TEST_3295,76.21577
TEST_3296,912.1581
TEST_3297,608.6282
TEST_3298,449.0758
TEST_3299,1073.7859
TEST_3300,73.44989
TEST_3301,451.00333
TEST_3302,122.51465
TEST_3303,318.74686
TEST_3304,87.97528
TEST_3305,345.14853
TEST_3306,418.2799
TEST_3307,316.38153
TEST_3308,171.59436
TEST_3309,163.3717
TEST_3310,101.956764
TEST_3311,68.52599
TEST_3312,211.23233
TEST_3313,65.307686
TEST_3314,389.44473
TEST_3315,49.75625
TEST_3316,41.378048
TEST_3317,63.170944
TEST_3318,141.89885
TEST_3319,267.84088
TEST_3320,1123.4895
TEST_3321,69.61557
TEST_3322,255.1918
TEST_3323,150.53525
TEST_3324,18.600498
TEST_3325,85.64767
TEST_3326,149.59421
TEST_3327,364.10574
TEST_3328,68.07298
TEST_3329,428.42783
TEST_3330,37.20883
TEST_3331,311.44055
TEST_3332,107.31942
TEST_3333,89.48282
TEST_3334,34.24876
TEST_3335,236.02629
TEST_3336,250.96036
TEST_3337,104.834984
TEST_3338,396.09982
TEST_3339,92.98006
TEST_3340,819.25977
TEST_3341,315.1363
TEST_3342,439.13333
TEST_3343,96.82231
TEST_3344,315.03802
TEST_3345,118.84036
TEST_3346,144.88252
TEST_3347,262.8791
TEST_3348,45.78137
TEST_3349,72.14615
TEST_3350,128.50262
TEST_3351,77.90957
TEST_3352,190.64119
TEST_3353,90.47177
TEST_3354,129.69518
TEST_3355,56.377716
TEST_3356,313.42053
TEST_3357,85.480286
TEST_3358,387.82843
TEST_3359,74.925354
TEST_3360,354.8288
TEST_3361,221.46329
TEST_3362,438.64542
TEST_3363,26.041702
TEST_3364,47.6522
TEST_3365,253.97168
TEST_3366,56.322956
TEST_3367,111.294975
TEST_3368,182.93535
TEST_3369,191.5527
TEST_3370,192.9321
TEST_3371,133.96622
TEST_3372,256.27863
TEST_3373,368.58624
TEST_3374,98.12787
TEST_3375,59.224087
TEST_3376,81.75129
TEST_3377,818.442
TEST_3378,706.0798
TEST_3379,260.33295
TEST_3380,39.686325
TEST_3381,47.137802
TEST_3382,58.88542
TEST_3383,135.27686
TEST_3384,393.4632
TEST_3385,829.8628
TEST_3386,99.976715
TEST_3387,198.59325
TEST_3388,176.6564
TEST_3389,33.31427
TEST_3390,41.59561
TEST_3391,86.56926
TEST_3392,32.241684
TEST_3393,54.648655
TEST_3394,294.46667
TEST_3395,119.99955
TEST_3396,355.66806
TEST_3397,375.12854
TEST_3398,75.581436
TEST_3399,221.9769
TEST_3400,102.79544
TEST_3401,42.57305
TEST_3402,199.69237
TEST_3403,92.87669
TEST_3404,41.672478
TEST_3405,297.1394
TEST_3406,363.87668
TEST_3407,296.7559
TEST_3408,124.330185
TEST_3409,216.06226
TEST_3410,42.246765
TEST_3411,327.6487
TEST_3412,24.352982
TEST_3413,73.9715
TEST_3414,33.80496
TEST_3415,177.52434
TEST_3416,170.2443
TEST_3417,338.17383
TEST_3418,370.9933
TEST_3419,66.90979
TEST_3420,121.291
TEST_3421,55.4496
TEST_3422,343.1705
TEST_3423,62.131844
TEST_3424,56.266457
TEST_3425,63.85353
TEST_3426,315.29633
TEST_3427,33.90423
TEST_3428,113.947136
TEST_3429,374.27658
TEST_3430,53.929543
TEST_3431,229.57901
TEST_3432,171.09476
TEST_3433,924.42804
TEST_3434,1419.7319
TEST_3435,210.45451
TEST_3436,84.86038
TEST_3437,38.46109
TEST_3438,58.549362
TEST_3439,281.49277
TEST_3440,173.79134
TEST_3441,173.39061
TEST_3442,1773.9551
TEST_3443,137.79932
TEST_3444,57.535168
TEST_3445,69.21988
TEST_3446,163.2731
TEST_3447,24.035263
TEST_3448,114.62495
TEST_3449,59.884636
TEST_3450,25.448503
TEST_3451,538.7475
TEST_3452,73.86331
TEST_3453,93.3141
TEST_3454,409.4231
TEST_3455,71.4629
TEST_3456,52.97889
TEST_3457,290.0645
TEST_3458,221.51263
TEST_3459,171.25542
TEST_3460,42.512424
TEST_3461,246.37051
TEST_3462,122.05947
TEST_3463,93.135254
TEST_3464,354.3354
TEST_3465,139.04195
TEST_3466,163.38208
TEST_3467,54.035965
TEST_3468,93.43114
TEST_3469,39.222664
TEST_3470,121.7668
TEST_3471,478.0534
TEST_3472,346.81027
TEST_3473,258.35605
TEST_3474,58.75441
TEST_3475,466.30313
TEST_3476,182.07663
TEST_3477,129.68803
TEST_3478,26.122314
TEST_3479,254.05798
TEST_3480,72.7272
TEST_3481,30.752674
TEST_3482,56.21083
TEST_3483,759.50867
TEST_3484,641.3843
TEST_3485,58.478928
TEST_3486,86.65048
TEST_3487,121.672485
TEST_3488,1059.5632
TEST_3489,81.99503
TEST_3490,68.59444
TEST_3491,204.034
TEST_3492,412.96
TEST_3493,231.36409
TEST_3494,64.19129
TEST_3495,517.1055
TEST_3496,109.26017
TEST_3497,101.62102
TEST_3498,597.8439
TEST_3499,61.25044
TEST_3500,50.332657
TEST_3501,972.14966
TEST_3502,189.6343
TEST_3503,1136.4952
TEST_3504,414.26996
TEST_3505,54.039967
TEST_3506,64.71077
TEST_3507,45.11927
TEST_3508,365.91226
TEST_3509,764.1699
TEST_3510,80.40233
TEST_3511,69.56626
TEST_3512,49.641846
TEST_3513,60.741158
TEST_3514,51.27954
TEST_3515,94.48416
TEST_3516,198.29486
TEST_3517,77.25187
TEST_3518,262.91418
TEST_3519,174.842
TEST_3520,147.72165
TEST_3521,796.63794
TEST_3522,46.076202
TEST_3523,158.43643
TEST_3524,57.52556
TEST_3525,47.738186
TEST_3526,71.342476
TEST_3527,39.095566
TEST_3528,180.62753
TEST_3529,46.48979
TEST_3530,60.35225
TEST_3531,392.6275
TEST_3532,367.39264
TEST_3533,372.92157
TEST_3534,58.195236
TEST_3535,49.332993
TEST_3536,75.2939
TEST_3537,31.916332
TEST_3538,199.78482
TEST_3539,924.3301
TEST_3540,19.306332
TEST_3541,226.7894
TEST_3542,341.4489
TEST_3543,89.659195
TEST_3544,43.984993
TEST_3545,2145.137
TEST_3546,42.310413
TEST_3547,208.21365
TEST_3548,133.14514
TEST_3549,39.847294
TEST_3550,45.00556
TEST_3551,58.03776
TEST_3552,254.60854
TEST_3553,585.26135
TEST_3554,113.459496
TEST_3555,114.95036
TEST_3556,109.41701
TEST_3557,82.828125
TEST_3558,350.2554
TEST_3559,202.94066
TEST_3560,30.382027
TEST_3561,193.89319
TEST_3562,101.12788
TEST_3563,54.44961
TEST_3564,147.31577
TEST_3565,34.328304
TEST_3566,61.997494
TEST_3567,543.3789
TEST_3568,1816.7454
TEST_3569,460.0299
TEST_3570,475.24603
TEST_3571,43.647675
TEST_3572,122.69061
TEST_3573,40.244892
TEST_3574,182.06949
TEST_3575,277.15875
TEST_3576,392.3213
TEST_3577,212.66609
TEST_3578,73.080795
TEST_3579,160.32346
TEST_3580,153.4327
TEST_3581,183.12305
TEST_3582,201.94101
TEST_3583,219.32954
TEST_3584,636.4497
TEST_3585,211.69957
TEST_3586,98.70061
TEST_3587,139.69197
TEST_3588,51.65002
TEST_3589,202.14069
TEST_3590,252.54025
TEST_3591,87.55762
TEST_3592,172.87624
TEST_3593,61.753647
TEST_3594,31.773024
TEST_3595,46.23812
TEST_3596,38.73883
TEST_3597,107.74309
TEST_3598,186.6403
TEST_3599,1632.5863
TEST_3600,62.966522
TEST_3601,40.807274
TEST_3602,193.49048
TEST_3603,312.3886
TEST_3604,107.34664
TEST_3605,115.8781
TEST_3606,72.38322
TEST_3607,187.12509
TEST_3608,167.44023
TEST_3609,67.31985
TEST_3610,20.517605
TEST_3611,476.17218
TEST_3612,544.0321
TEST_3613,509.23914
TEST_3614,1228.5157
TEST_3615,248.08469
TEST_3616,121.02225
TEST_3617,37.415325
TEST_3618,387.7195
TEST_3619,205.88914
TEST_3620,41.59481
TEST_3621,295.51584
TEST_3622,434.99503
TEST_3623,42.6201
TEST_3624,69.89665
TEST_3625,33.581673
TEST_3626,75.93209
TEST_3627,328.5304
TEST_3628,200.08328
TEST_3629,440.95587
TEST_3630,436.30243
TEST_3631,29.005764
TEST_3632,190.36536
TEST_3633,33.592094
TEST_3634,98.65378
TEST_3635,71.08142
TEST_3636,73.2604
TEST_3637,173.02661
TEST_3638,1003.1391
TEST_3639,728.3955
TEST_3640,74.5103
TEST_3641,70.520966
TEST_3642,361.15982
TEST_3643,200.754
TEST_3644,394.3583
TEST_3645,231.54214
TEST_3646,87.10968
TEST_3647,159.29926
TEST_3648,58.8496
TEST_3649,56.332138
TEST_3650,65.40628
TEST_3651,49.183823
TEST_3652,158.25636
TEST_3653,728.17847
TEST_3654,1896.3125
TEST_3655,427.40375
TEST_3656,423.55893
TEST_3657,320.80103
TEST_3658,175.59769
TEST_3659,1896.4148
TEST_3660,243.98463
TEST_3661,567.0853
TEST_3662,67.1602
TEST_3663,373.23865
TEST_3664,89.2496
TEST_3665,456.41016
TEST_3666,30.494894
TEST_3667,1468.6346
TEST_3668,186.43677
TEST_3669,265.18527
TEST_3670,54.10462
TEST_3671,102.129135
TEST_3672,504.43262
TEST_3673,112.965164
TEST_3674,68.93573
TEST_3675,55.687874
TEST_3676,25.781849
TEST_3677,157.9562
TEST_3678,779.01733
TEST_3679,264.6233
TEST_3680,41.492416
TEST_3681,24.003988
TEST_3682,68.82445
TEST_3683,168.63306
TEST_3684,30.527021
TEST_3685,63.37252
TEST_3686,116.114784
TEST_3687,82.18467
TEST_3688,40.22303
TEST_3689,294.34372
TEST_3690,53.808533
TEST_3691,501.70428
TEST_3692,316.62347
TEST_3693,905.0674
TEST_3694,547.51575
TEST_3695,877.915
TEST_3696,199.40826
TEST_3697,214.42583
TEST_3698,173.23328
TEST_3699,247.83817
TEST_3700,29.765388
TEST_3701,111.874954
TEST_3702,64.28693
TEST_3703,56.77897
TEST_3704,25.427095
TEST_3705,56.379017
TEST_3706,607.55975
TEST_3707,79.4749
TEST_3708,249.97946
TEST_3709,321.1803
TEST_3710,41.709305
TEST_3711,76.66232
TEST_3712,622.094
TEST_3713,494.6963
TEST_3714,289.75964
TEST_3715,532.76953
TEST_3716,108.97274
TEST_3717,405.056
TEST_3718,451.18536
TEST_3719,183.44931
TEST_3720,401.6249
TEST_3721,29.23439
TEST_3722,57.701942
TEST_3723,781.21313
TEST_3724,524.40625
TEST_3725,70.21977
TEST_3726,48.36698
TEST_3727,157.67694
TEST_3728,208.96301
TEST_3729,1466.4392
TEST_3730,278.31042
TEST_3731,158.56915
TEST_3732,69.28812
TEST_3733,41.13291
TEST_3734,328.4285
TEST_3735,45.02205
TEST_3736,48.227325
TEST_3737,77.90396
TEST_3738,237.22021
TEST_3739,76.57535
TEST_3740,102.21299
TEST_3741,38.735695
TEST_3742,99.27948
TEST_3743,255.98077
TEST_3744,27.598171
TEST_3745,409.28073
TEST_3746,470.76102
TEST_3747,565.428
TEST_3748,55.681427
TEST_3749,660.3573
TEST_3750,163.36531
TEST_3751,112.08213
TEST_3752,625.79376
TEST_3753,342.15652
TEST_3754,1392.591
TEST_3755,278.3595
TEST_3756,262.03546
TEST_3757,39.114628
TEST_3758,70.1488
TEST_3759,46.045403
TEST_3760,424.19736
TEST_3761,209.58276
TEST_3762,112.299
TEST_3763,481.17664
TEST_3764,83.39105
TEST_3765,69.4158
TEST_3766,148.71736
TEST_3767,357.91165
TEST_3768,59.754967
TEST_3769,120.98055
TEST_3770,57.2146
TEST_3771,104.61459
TEST_3772,48.65774
TEST_3773,25.871311
TEST_3774,171.15463
TEST_3775,74.62677
TEST_3776,437.53983
TEST_3777,44.176083
TEST_3778,152.80917
TEST_3779,526.89355
TEST_3780,767.0495
TEST_3781,54.16089
TEST_3782,19.474625
TEST_3783,79.75918
TEST_3784,225.97897
TEST_3785,186.17311
TEST_3786,291.31384
TEST_3787,168.02937
TEST_3788,125.556946
TEST_3789,54.26153
TEST_3790,448.85696
TEST_3791,727.4555
TEST_3792,341.79254
TEST_3793,51.947823
TEST_3794,257.00854
TEST_3795,1355.6005
TEST_3796,63.23966
TEST_3797,52.171295
TEST_3798,75.16115
TEST_3799,292.48438
TEST_3800,31.014542
TEST_3801,928.2808
TEST_3802,185.93323
TEST_3803,61.477737
TEST_3804,335.56348
TEST_3805,113.88495
TEST_3806,267.9604
TEST_3807,445.44403
TEST_3808,39.612797
TEST_3809,176.63956
TEST_3810,388.61975
TEST_3811,131.68408
TEST_3812,816.65063
TEST_3813,403.2342
TEST_3814,428.70984
TEST_3815,65.576645
TEST_3816,797.5767
TEST_3817,68.81625
TEST_3818,31.941227
TEST_3819,122.63843
TEST_3820,68.1212
TEST_3821,99.849625
TEST_3822,187.71466
TEST_3823,1597.3472
TEST_3824,132.95201
TEST_3825,56.541595
TEST_3826,68.91223
TEST_3827,47.331226
TEST_3828,128.31091
TEST_3829,323.43793
TEST_3830,107.391136
TEST_3831,123.53093
TEST_3832,21.591091
TEST_3833,30.469631
TEST_3834,72.67003
TEST_3835,682.02167
TEST_3836,200.07085
TEST_3837,433.35703
TEST_3838,76.866035
TEST_3839,239.1463
TEST_3840,364.71222
TEST_3841,292.33328
TEST_3842,341.71832
TEST_3843,140.15189
TEST_3844,31.533623
TEST_3845,66.48288
TEST_3846,411.80502
TEST_3847,365.7825
TEST_3848,73.132416
TEST_3849,89.00353
TEST_3850,223.22116
TEST_3851,364.0841
TEST_3852,248.329
TEST_3853,445.0645
TEST_3854,401.46106
TEST_3855,50.362885
TEST_3856,49.415257
TEST_3857,69.95908
TEST_3858,101.50081
TEST_3859,131.43301
TEST_3860,404.2093
TEST_3861,130.85513
TEST_3862,87.6662
TEST_3863,782.0366
TEST_3864,306.2539
TEST_3865,21.181465
TEST_3866,869.5133
TEST_3867,282.63852
TEST_3868,164.07465
TEST_3869,64.04074
TEST_3870,195.16595
TEST_3871,108.0092
TEST_3872,623.7518
TEST_3873,64.15029
TEST_3874,69.7251
TEST_3875,487.1962
TEST_3876,133.37485
TEST_3877,160.95732
TEST_3878,133.94266
TEST_3879,211.95584
TEST_3880,109.51555
TEST_3881,265.4643
TEST_3882,171.81935
TEST_3883,139.88954
TEST_3884,336.53146
TEST_3885,225.68048
TEST_3886,985.19055
TEST_3887,253.48773
TEST_3888,34.936005
TEST_3889,106.48659
TEST_3890,46.79976
TEST_3891,53.73656
TEST_3892,67.07585
TEST_3893,1060.9156
TEST_3894,167.60939
TEST_3895,196.56058
TEST_3896,184.57178
TEST_3897,191.54102
TEST_3898,71.28915
TEST_3899,59.109856
TEST_3900,22.711899
TEST_3901,472.75616
TEST_3902,49.91277
TEST_3903,333.27667
TEST_3904,340.88983
TEST_3905,282.00116
TEST_3906,82.511635
TEST_3907,1869.0691
TEST_3908,331.4137
TEST_3909,56.07807
TEST_3910,1155.4434
TEST_3911,291.79584
TEST_3912,184.77869
TEST_3913,1241.452
TEST_3914,461.65158
