ID,label
TEST_0000,0.0
TEST_0001,0.0
TEST_0002,0.8000000000000002
TEST_0003,0.9000000000000002
TEST_0004,0.0
TEST_0005,1.0000000000000002
TEST_0006,0.5499999999999999
TEST_0007,0.0
TEST_0008,0.9500000000000003
TEST_0009,0.0
TEST_0010,0.65
TEST_0011,0.0
TEST_0012,0.0
TEST_0013,0.0
TEST_0014,0.49999999999999994
TEST_0015,0.35
TEST_0016,0.8500000000000002
TEST_0017,0.0
TEST_0018,0.0
TEST_0019,0.0
TEST_0020,0.0
TEST_0021,0.0
TEST_0022,0.2
TEST_0023,1.0000000000000002
TEST_0024,0.2
TEST_0025,0.0
TEST_0026,1.0000000000000002
TEST_0027,0.0
TEST_0028,0.9000000000000002
TEST_0029,0.65
TEST_0030,0.0
TEST_0031,0.44999999999999996
TEST_0032,1.0000000000000002
TEST_0033,0.0
TEST_0034,0.0
TEST_0035,0.05
TEST_0036,1.0000000000000002
TEST_0037,1.0000000000000002
TEST_0038,0.0
TEST_0039,0.9000000000000002
TEST_0040,0.0
TEST_0041,0.49999999999999994
TEST_0042,0.15000000000000002
TEST_0043,0.65
TEST_0044,0.8500000000000002
TEST_0045,0.0
TEST_0046,0.0
TEST_0047,1.0000000000000002
TEST_0048,0.0
TEST_0049,0.0
TEST_0050,0.7500000000000001
TEST_0051,0.9500000000000003
TEST_0052,0.0
TEST_0053,0.0
TEST_0054,0.0
TEST_0055,0.05
TEST_0056,1.0000000000000002
TEST_0057,1.0000000000000002
TEST_0058,0.1
TEST_0059,0.0
TEST_0060,0.0
TEST_0061,0.0
TEST_0062,0.8500000000000002
TEST_0063,1.0000000000000002
TEST_0064,0.0
TEST_0065,0.6
TEST_0066,1.0000000000000002
TEST_0067,0.0
TEST_0068,0.0
TEST_0069,1.0000000000000002
TEST_0070,0.0
TEST_0071,0.0
TEST_0072,0.9500000000000003
TEST_0073,0.5499999999999999
TEST_0074,0.0
TEST_0075,0.0
TEST_0076,0.5499999999999999
TEST_0077,0.0
TEST_0078,1.0000000000000002
TEST_0079,0.0
TEST_0080,0.39999999999999997
TEST_0081,0.0
TEST_0082,0.0
TEST_0083,0.0
TEST_0084,0.25
TEST_0085,0.9500000000000003
TEST_0086,0.3
TEST_0087,0.0
TEST_0088,1.0000000000000002
TEST_0089,0.0
TEST_0090,0.1
TEST_0091,0.0
TEST_0092,0.9500000000000003
TEST_0093,0.9000000000000002
TEST_0094,1.0000000000000002
TEST_0095,0.0
TEST_0096,0.0
TEST_0097,0.0
TEST_0098,0.0
TEST_0099,0.5499999999999999
TEST_0100,0.0
TEST_0101,1.0000000000000002
TEST_0102,0.5499999999999999
TEST_0103,0.0
TEST_0104,0.0
TEST_0105,0.0
TEST_0106,0.9500000000000003
TEST_0107,1.0000000000000002
TEST_0108,0.0
TEST_0109,0.15000000000000002
TEST_0110,0.0
TEST_0111,0.9500000000000003
TEST_0112,0.0
TEST_0113,0.0
TEST_0114,0.0
TEST_0115,0.35
TEST_0116,0.0
TEST_0117,0.6
TEST_0118,0.9500000000000003
TEST_0119,0.0
TEST_0120,0.0
TEST_0121,0.0
TEST_0122,0.0
TEST_0123,0.9500000000000003
TEST_0124,0.6
TEST_0125,1.0000000000000002
TEST_0126,0.44999999999999996
TEST_0127,0.0
TEST_0128,0.9500000000000003
TEST_0129,0.0
TEST_0130,0.6
TEST_0131,0.0
TEST_0132,0.0
TEST_0133,1.0000000000000002
TEST_0134,0.0
TEST_0135,0.8000000000000002
TEST_0136,0.0
TEST_0137,0.05
TEST_0138,0.0
TEST_0139,1.0000000000000002
TEST_0140,0.49999999999999994
TEST_0141,1.0000000000000002
TEST_0142,0.0
TEST_0143,1.0000000000000002
TEST_0144,1.0000000000000002
TEST_0145,0.8500000000000002
TEST_0146,0.8500000000000002
TEST_0147,1.0000000000000002
TEST_0148,1.0000000000000002
TEST_0149,0.9500000000000003
TEST_0150,0.0
TEST_0151,0.7500000000000001
TEST_0152,0.7500000000000001
TEST_0153,0.0
TEST_0154,0.0
TEST_0155,0.2
TEST_0156,0.15000000000000002
TEST_0157,0.7500000000000001
TEST_0158,0.5499999999999999
TEST_0159,0.8500000000000002
TEST_0160,0.9500000000000003
TEST_0161,1.0000000000000002
TEST_0162,0.0
TEST_0163,0.39999999999999997
TEST_0164,0.0
TEST_0165,0.0
TEST_0166,0.0
TEST_0167,0.0
TEST_0168,0.25
TEST_0169,0.0
TEST_0170,1.0000000000000002
TEST_0171,0.0
TEST_0172,1.0000000000000002
TEST_0173,0.0
TEST_0174,0.0
TEST_0175,1.0000000000000002
TEST_0176,0.0
TEST_0177,0.7500000000000001
TEST_0178,0.39999999999999997
TEST_0179,0.0
TEST_0180,0.3
TEST_0181,0.49999999999999994
TEST_0182,0.0
TEST_0183,0.49999999999999994
TEST_0184,0.0
TEST_0185,1.0000000000000002
TEST_0186,0.0
TEST_0187,0.0
TEST_0188,0.9000000000000002
TEST_0189,1.0000000000000002
TEST_0190,1.0000000000000002
TEST_0191,0.0
TEST_0192,1.0000000000000002
TEST_0193,0.7500000000000001
TEST_0194,0.25
TEST_0195,0.0
TEST_0196,1.0000000000000002
TEST_0197,1.0000000000000002
TEST_0198,0.2
TEST_0199,0.0
TEST_0200,0.8500000000000002
TEST_0201,0.49999999999999994
TEST_0202,0.65
TEST_0203,0.0
TEST_0204,1.0000000000000002
TEST_0205,0.49999999999999994
TEST_0206,0.1
TEST_0207,0.8500000000000002
TEST_0208,0.9500000000000003
TEST_0209,0.0
TEST_0210,0.0
TEST_0211,0.1
TEST_0212,0.0
TEST_0213,0.0
TEST_0214,1.0000000000000002
TEST_0215,0.9000000000000002
TEST_0216,1.0000000000000002
TEST_0217,0.0
TEST_0218,1.0000000000000002
TEST_0219,0.0
TEST_0220,0.0
TEST_0221,1.0000000000000002
TEST_0222,0.0
TEST_0223,1.0000000000000002
TEST_0224,0.0
TEST_0225,1.0000000000000002
TEST_0226,0.15000000000000002
TEST_0227,0.15000000000000002
TEST_0228,0.49999999999999994
TEST_0229,0.0
TEST_0230,0.0
TEST_0231,0.0
TEST_0232,1.0000000000000002
TEST_0233,0.0
TEST_0234,0.0
TEST_0235,0.9500000000000003
TEST_0236,0.0
TEST_0237,0.05
TEST_0238,0.0
TEST_0239,0.15000000000000002
TEST_0240,0.0
TEST_0241,0.49999999999999994
TEST_0242,0.0
TEST_0243,1.0000000000000002
TEST_0244,0.6
TEST_0245,0.0
TEST_0246,0.0
TEST_0247,1.0000000000000002
TEST_0248,0.05
TEST_0249,0.39999999999999997
TEST_0250,0.44999999999999996
TEST_0251,0.0
TEST_0252,0.0
TEST_0253,1.0000000000000002
TEST_0254,0.0
TEST_0255,0.0
TEST_0256,0.7000000000000001
TEST_0257,0.0
TEST_0258,0.0
TEST_0259,0.9500000000000003
TEST_0260,0.0
TEST_0261,0.0
TEST_0262,1.0000000000000002
TEST_0263,0.0
TEST_0264,0.0
TEST_0265,0.0
TEST_0266,0.9000000000000002
TEST_0267,0.0
TEST_0268,0.0
TEST_0269,0.0
TEST_0270,0.0
TEST_0271,0.0
TEST_0272,0.0
TEST_0273,0.0
TEST_0274,0.0
TEST_0275,0.44999999999999996
TEST_0276,1.0000000000000002
TEST_0277,0.65
TEST_0278,0.0
TEST_0279,0.05
TEST_0280,0.1
TEST_0281,0.0
TEST_0282,0.0
TEST_0283,0.0
TEST_0284,0.0
TEST_0285,0.0
TEST_0286,0.0
TEST_0287,1.0000000000000002
TEST_0288,0.6
TEST_0289,1.0000000000000002
TEST_0290,0.0
TEST_0291,0.0
TEST_0292,0.0
TEST_0293,1.0000000000000002
TEST_0294,0.0
TEST_0295,0.9500000000000003
TEST_0296,0.3
TEST_0297,0.0
TEST_0298,0.05
TEST_0299,0.1
TEST_0300,0.49999999999999994
TEST_0301,0.9000000000000002
TEST_0302,0.0
TEST_0303,0.0
TEST_0304,0.0
TEST_0305,0.44999999999999996
TEST_0306,0.5499999999999999
TEST_0307,1.0000000000000002
TEST_0308,1.0000000000000002
TEST_0309,0.9000000000000002
TEST_0310,0.0
TEST_0311,1.0000000000000002
TEST_0312,1.0000000000000002
TEST_0313,0.05
TEST_0314,0.0
TEST_0315,0.0
TEST_0316,0.0
TEST_0317,1.0000000000000002
TEST_0318,0.15000000000000002
TEST_0319,0.15000000000000002
TEST_0320,0.44999999999999996
TEST_0321,0.0
TEST_0322,0.9500000000000003
TEST_0323,0.3
TEST_0324,0.1
TEST_0325,0.0
TEST_0326,0.0
TEST_0327,0.05
TEST_0328,1.0000000000000002
TEST_0329,1.0000000000000002
TEST_0330,0.0
TEST_0331,0.0
TEST_0332,0.0
TEST_0333,1.0000000000000002
TEST_0334,0.0
TEST_0335,0.0
TEST_0336,0.0
TEST_0337,0.0
TEST_0338,1.0000000000000002
TEST_0339,1.0000000000000002
TEST_0340,0.0
TEST_0341,0.0
TEST_0342,0.0
TEST_0343,0.0
TEST_0344,0.0
TEST_0345,1.0000000000000002
TEST_0346,0.0
TEST_0347,0.0
TEST_0348,0.65
TEST_0349,0.49999999999999994
TEST_0350,0.0
TEST_0351,0.39999999999999997
TEST_0352,1.0000000000000002
TEST_0353,0.0
TEST_0354,1.0000000000000002
TEST_0355,1.0000000000000002
TEST_0356,0.0
TEST_0357,0.15000000000000002
TEST_0358,0.9500000000000003
TEST_0359,0.0
TEST_0360,0.0
TEST_0361,0.65
TEST_0362,0.0
TEST_0363,1.0000000000000002
TEST_0364,1.0000000000000002
TEST_0365,1.0000000000000002
TEST_0366,1.0000000000000002
TEST_0367,0.1
TEST_0368,0.0
TEST_0369,0.0
TEST_0370,0.3
TEST_0371,1.0000000000000002
TEST_0372,0.1
TEST_0373,0.05
TEST_0374,0.1
TEST_0375,0.0
TEST_0376,0.1
TEST_0377,1.0000000000000002
TEST_0378,0.8500000000000002
TEST_0379,0.7500000000000001
TEST_0380,0.0
TEST_0381,0.7000000000000001
TEST_0382,1.0000000000000002
TEST_0383,0.0
TEST_0384,1.0000000000000002
TEST_0385,0.0
TEST_0386,0.0
TEST_0387,0.0
TEST_0388,0.25
TEST_0389,1.0000000000000002
TEST_0390,1.0000000000000002
TEST_0391,1.0000000000000002
TEST_0392,0.35
TEST_0393,0.0
TEST_0394,0.0
TEST_0395,1.0000000000000002
TEST_0396,0.6
TEST_0397,0.0
TEST_0398,0.9000000000000002
TEST_0399,0.0
TEST_0400,0.15000000000000002
TEST_0401,0.0
TEST_0402,1.0000000000000002
TEST_0403,0.0
TEST_0404,1.0000000000000002
TEST_0405,0.0
TEST_0406,0.05
TEST_0407,0.0
TEST_0408,1.0000000000000002
TEST_0409,0.0
TEST_0410,0.0
TEST_0411,1.0000000000000002
TEST_0412,1.0000000000000002
TEST_0413,0.0
TEST_0414,0.0
TEST_0415,0.05
TEST_0416,0.0
TEST_0417,0.2
TEST_0418,1.0000000000000002
TEST_0419,0.1
TEST_0420,0.0
TEST_0421,0.9500000000000003
TEST_0422,0.0
TEST_0423,0.44999999999999996
TEST_0424,0.05
TEST_0425,0.0
TEST_0426,0.8000000000000002
TEST_0427,1.0000000000000002
TEST_0428,0.7500000000000001
TEST_0429,1.0000000000000002
TEST_0430,0.9500000000000003
TEST_0431,0.0
TEST_0432,0.0
TEST_0433,0.0
TEST_0434,0.6
TEST_0435,0.0
TEST_0436,1.0000000000000002
TEST_0437,0.8000000000000002
TEST_0438,0.0
TEST_0439,0.0
TEST_0440,1.0000000000000002
TEST_0441,0.0
TEST_0442,0.9500000000000003
TEST_0443,1.0000000000000002
TEST_0444,1.0000000000000002
TEST_0445,0.0
TEST_0446,0.0
TEST_0447,0.9500000000000003
TEST_0448,0.0
TEST_0449,1.0000000000000002
TEST_0450,0.0
TEST_0451,1.0000000000000002
TEST_0452,0.0
TEST_0453,0.0
TEST_0454,0.0
TEST_0455,0.0
TEST_0456,1.0000000000000002
TEST_0457,0.0
TEST_0458,0.3
TEST_0459,0.0
TEST_0460,0.65
TEST_0461,0.7500000000000001
TEST_0462,0.0
TEST_0463,0.0
TEST_0464,1.0000000000000002
TEST_0465,0.8500000000000002
TEST_0466,0.0
TEST_0467,0.0
TEST_0468,0.0
TEST_0469,0.0
TEST_0470,0.0
TEST_0471,0.0
TEST_0472,0.0
TEST_0473,1.0000000000000002
TEST_0474,0.05
TEST_0475,1.0000000000000002
TEST_0476,0.7000000000000001
TEST_0477,1.0000000000000002
TEST_0478,1.0000000000000002
TEST_0479,0.9000000000000002
TEST_0480,0.25
TEST_0481,0.0
TEST_0482,1.0000000000000002
TEST_0483,0.0
TEST_0484,0.0
TEST_0485,1.0000000000000002
TEST_0486,0.0
TEST_0487,0.05
TEST_0488,0.7000000000000001
TEST_0489,1.0000000000000002
TEST_0490,0.0
TEST_0491,0.9500000000000003
TEST_0492,0.5499999999999999
TEST_0493,0.8500000000000002
TEST_0494,1.0000000000000002
TEST_0495,0.0
TEST_0496,0.0
TEST_0497,0.0
TEST_0498,0.0
TEST_0499,0.05
TEST_0500,0.0
TEST_0501,0.05
TEST_0502,0.0
TEST_0503,0.0
TEST_0504,0.0
TEST_0505,0.8500000000000002
TEST_0506,0.0
TEST_0507,0.1
TEST_0508,0.9000000000000002
TEST_0509,1.0000000000000002
TEST_0510,0.15000000000000002
TEST_0511,0.7500000000000001
TEST_0512,0.0
TEST_0513,0.0
TEST_0514,0.0
TEST_0515,1.0000000000000002
TEST_0516,0.05
TEST_0517,0.0
TEST_0518,0.0
TEST_0519,0.0
TEST_0520,0.15000000000000002
TEST_0521,0.0
TEST_0522,0.0
TEST_0523,0.0
TEST_0524,0.0
TEST_0525,0.25
TEST_0526,1.0000000000000002
TEST_0527,0.0
TEST_0528,0.15000000000000002
TEST_0529,0.9500000000000003
TEST_0530,0.0
TEST_0531,0.5499999999999999
TEST_0532,0.6
TEST_0533,0.0
TEST_0534,0.0
TEST_0535,1.0000000000000002
TEST_0536,0.35
TEST_0537,0.39999999999999997
TEST_0538,1.0000000000000002
TEST_0539,0.0
TEST_0540,1.0000000000000002
TEST_0541,0.0
TEST_0542,0.0
TEST_0543,0.0
TEST_0544,1.0000000000000002
TEST_0545,1.0000000000000002
TEST_0546,0.0
TEST_0547,0.0
TEST_0548,0.0
TEST_0549,0.0
TEST_0550,0.0
TEST_0551,1.0000000000000002
TEST_0552,1.0000000000000002
TEST_0553,0.0
TEST_0554,0.0
TEST_0555,0.0
TEST_0556,0.0
TEST_0557,0.1
TEST_0558,0.9500000000000003
TEST_0559,0.0
TEST_0560,0.0
TEST_0561,0.15000000000000002
TEST_0562,0.7500000000000001
TEST_0563,0.0
TEST_0564,1.0000000000000002
TEST_0565,0.0
TEST_0566,0.05
TEST_0567,1.0000000000000002
TEST_0568,0.0
TEST_0569,0.25
TEST_0570,0.0
TEST_0571,0.0
TEST_0572,1.0000000000000002
TEST_0573,0.0
TEST_0574,1.0000000000000002
TEST_0575,0.25
TEST_0576,0.0
TEST_0577,0.0
TEST_0578,0.0
TEST_0579,0.2
TEST_0580,0.0
TEST_0581,1.0000000000000002
TEST_0582,0.25
TEST_0583,0.1
TEST_0584,0.9500000000000003
TEST_0585,0.7500000000000001
TEST_0586,0.0
TEST_0587,0.05
TEST_0588,0.0
TEST_0589,0.8500000000000002
TEST_0590,0.0
TEST_0591,0.05
TEST_0592,1.0000000000000002
TEST_0593,0.5499999999999999
TEST_0594,0.0
TEST_0595,1.0000000000000002
TEST_0596,0.0
TEST_0597,1.0000000000000002
TEST_0598,1.0000000000000002
TEST_0599,0.0
TEST_0600,0.0
TEST_0601,0.0
TEST_0602,0.0
TEST_0603,0.0
TEST_0604,0.39999999999999997
TEST_0605,1.0000000000000002
TEST_0606,0.0
TEST_0607,0.2
TEST_0608,0.0
TEST_0609,0.05
TEST_0610,0.0
TEST_0611,0.0
TEST_0612,0.0
TEST_0613,1.0000000000000002
TEST_0614,0.15000000000000002
TEST_0615,0.0
TEST_0616,0.8000000000000002
TEST_0617,0.0
TEST_0618,0.0
TEST_0619,1.0000000000000002
TEST_0620,1.0000000000000002
TEST_0621,0.0
TEST_0622,1.0000000000000002
TEST_0623,0.9500000000000003
TEST_0624,1.0000000000000002
TEST_0625,0.0
TEST_0626,1.0000000000000002
TEST_0627,0.2
TEST_0628,0.5499999999999999
TEST_0629,0.0
TEST_0630,1.0000000000000002
TEST_0631,0.05
TEST_0632,0.0
TEST_0633,0.05
TEST_0634,0.1
TEST_0635,0.0
TEST_0636,0.0
TEST_0637,0.0
TEST_0638,0.0
TEST_0639,0.0
TEST_0640,0.0
TEST_0641,1.0000000000000002
TEST_0642,0.0
TEST_0643,1.0000000000000002
TEST_0644,0.0
TEST_0645,1.0000000000000002
TEST_0646,0.0
TEST_0647,1.0000000000000002
TEST_0648,0.0
TEST_0649,0.05
TEST_0650,0.35
TEST_0651,1.0000000000000002
TEST_0652,1.0000000000000002
TEST_0653,0.15000000000000002
TEST_0654,0.0
TEST_0655,0.0
TEST_0656,0.65
TEST_0657,0.05
TEST_0658,0.0
TEST_0659,0.15000000000000002
TEST_0660,0.0
TEST_0661,0.0
TEST_0662,0.0
TEST_0663,0.0
TEST_0664,0.0
TEST_0665,0.0
TEST_0666,1.0000000000000002
TEST_0667,0.0
TEST_0668,0.0
TEST_0669,0.0
TEST_0670,0.0
TEST_0671,0.0
TEST_0672,0.1
TEST_0673,0.0
TEST_0674,0.7500000000000001
TEST_0675,0.0
TEST_0676,1.0000000000000002
TEST_0677,0.0
TEST_0678,0.8500000000000002
TEST_0679,0.65
TEST_0680,0.65
TEST_0681,0.9500000000000003
TEST_0682,0.7000000000000001
TEST_0683,0.0
TEST_0684,0.0
TEST_0685,0.0
TEST_0686,0.9000000000000002
TEST_0687,1.0000000000000002
TEST_0688,0.0
TEST_0689,0.0
TEST_0690,0.0
TEST_0691,0.8500000000000002
TEST_0692,0.0
TEST_0693,0.0
TEST_0694,0.6
TEST_0695,0.0
TEST_0696,0.05
TEST_0697,0.9000000000000002
TEST_0698,0.05
TEST_0699,0.0
TEST_0700,1.0000000000000002
TEST_0701,0.1
TEST_0702,0.9000000000000002
TEST_0703,0.0
TEST_0704,0.0
TEST_0705,0.0
TEST_0706,0.05
TEST_0707,0.0
TEST_0708,1.0000000000000002
TEST_0709,1.0000000000000002
TEST_0710,0.2
TEST_0711,0.0
TEST_0712,1.0000000000000002
TEST_0713,1.0000000000000002
TEST_0714,1.0000000000000002
TEST_0715,0.9500000000000003
TEST_0716,1.0000000000000002
TEST_0717,1.0000000000000002
TEST_0718,1.0000000000000002
TEST_0719,1.0000000000000002
TEST_0720,1.0000000000000002
TEST_0721,1.0000000000000002
TEST_0722,0.0
TEST_0723,0.1
TEST_0724,0.25
TEST_0725,0.0
TEST_0726,0.39999999999999997
TEST_0727,0.0
TEST_0728,0.0
TEST_0729,0.8500000000000002
TEST_0730,1.0000000000000002
TEST_0731,1.0000000000000002
TEST_0732,0.9500000000000003
TEST_0733,0.0
TEST_0734,0.25
TEST_0735,0.0
TEST_0736,0.0
TEST_0737,1.0000000000000002
TEST_0738,0.05
TEST_0739,0.35
TEST_0740,0.0
TEST_0741,0.0
TEST_0742,0.5499999999999999
TEST_0743,0.0
TEST_0744,0.0
TEST_0745,0.0
TEST_0746,0.0
TEST_0747,1.0000000000000002
TEST_0748,1.0000000000000002
TEST_0749,0.0
TEST_0750,1.0000000000000002
TEST_0751,0.0
TEST_0752,0.05
TEST_0753,0.0
TEST_0754,0.15000000000000002
TEST_0755,1.0000000000000002
TEST_0756,0.3
TEST_0757,0.3
TEST_0758,0.0
TEST_0759,0.49999999999999994
TEST_0760,0.0
TEST_0761,0.7000000000000001
TEST_0762,0.9500000000000003
TEST_0763,1.0000000000000002
TEST_0764,1.0000000000000002
TEST_0765,0.0
TEST_0766,0.35
TEST_0767,0.0
TEST_0768,0.0
TEST_0769,1.0000000000000002
TEST_0770,1.0000000000000002
TEST_0771,0.0
TEST_0772,0.0
TEST_0773,0.25
TEST_0774,1.0000000000000002
TEST_0775,0.0
TEST_0776,0.9000000000000002
TEST_0777,0.25
TEST_0778,1.0000000000000002
TEST_0779,0.0
TEST_0780,0.49999999999999994
TEST_0781,0.0
TEST_0782,0.9500000000000003
TEST_0783,0.0
TEST_0784,1.0000000000000002
TEST_0785,0.0
TEST_0786,0.7000000000000001
TEST_0787,0.8000000000000002
TEST_0788,0.0
TEST_0789,0.0
TEST_0790,0.9500000000000003
TEST_0791,0.0
TEST_0792,0.9500000000000003
TEST_0793,0.05
TEST_0794,1.0000000000000002
TEST_0795,0.0
TEST_0796,0.7500000000000001
TEST_0797,1.0000000000000002
TEST_0798,0.39999999999999997
TEST_0799,0.0
TEST_0800,1.0000000000000002
TEST_0801,0.3
TEST_0802,1.0000000000000002
TEST_0803,0.0
TEST_0804,0.0
TEST_0805,0.0
TEST_0806,0.9500000000000003
TEST_0807,1.0000000000000002
TEST_0808,1.0000000000000002
TEST_0809,0.9500000000000003
TEST_0810,0.9000000000000002
TEST_0811,0.8000000000000002
TEST_0812,0.15000000000000002
TEST_0813,1.0000000000000002
TEST_0814,0.0
TEST_0815,0.0
TEST_0816,0.0
TEST_0817,0.0
TEST_0818,1.0000000000000002
TEST_0819,0.0
TEST_0820,0.0
TEST_0821,0.0
TEST_0822,0.6
TEST_0823,0.0
TEST_0824,0.0
TEST_0825,0.0
TEST_0826,1.0000000000000002
TEST_0827,0.15000000000000002
TEST_0828,0.05
TEST_0829,0.8000000000000002
TEST_0830,0.0
TEST_0831,1.0000000000000002
TEST_0832,0.0
TEST_0833,0.44999999999999996
TEST_0834,0.0
TEST_0835,1.0000000000000002
TEST_0836,0.25
TEST_0837,0.0
TEST_0838,0.9500000000000003
TEST_0839,0.0
TEST_0840,0.0
TEST_0841,0.0
TEST_0842,0.8000000000000002
TEST_0843,1.0000000000000002
TEST_0844,0.1
TEST_0845,1.0000000000000002
TEST_0846,1.0000000000000002
TEST_0847,1.0000000000000002
TEST_0848,0.9000000000000002
TEST_0849,0.0
TEST_0850,0.05
TEST_0851,0.0
TEST_0852,0.0
TEST_0853,0.8500000000000002
TEST_0854,0.0
TEST_0855,0.9500000000000003
TEST_0856,0.0
TEST_0857,0.9500000000000003
TEST_0858,0.25
TEST_0859,0.9500000000000003
TEST_0860,0.0
TEST_0861,0.3
TEST_0862,0.0
TEST_0863,0.15000000000000002
TEST_0864,0.8000000000000002
TEST_0865,0.9000000000000002
TEST_0866,0.0
TEST_0867,0.49999999999999994
TEST_0868,0.1
TEST_0869,0.05
TEST_0870,0.0
TEST_0871,0.49999999999999994
TEST_0872,0.6
TEST_0873,0.0
TEST_0874,1.0000000000000002
TEST_0875,0.15000000000000002
TEST_0876,0.0
TEST_0877,0.0
TEST_0878,0.0
TEST_0879,0.39999999999999997
TEST_0880,1.0000000000000002
TEST_0881,0.0
TEST_0882,0.9500000000000003
TEST_0883,0.0
TEST_0884,0.0
TEST_0885,0.0
TEST_0886,0.0
TEST_0887,0.0
TEST_0888,0.0
TEST_0889,0.0
TEST_0890,0.0
TEST_0891,0.0
TEST_0892,0.9000000000000002
TEST_0893,0.0
TEST_0894,0.1
TEST_0895,0.6
TEST_0896,0.25
TEST_0897,0.0
TEST_0898,1.0000000000000002
TEST_0899,0.0
TEST_0900,0.0
TEST_0901,0.3
TEST_0902,0.9500000000000003
TEST_0903,0.9000000000000002
TEST_0904,1.0000000000000002
TEST_0905,1.0000000000000002
TEST_0906,0.49999999999999994
TEST_0907,0.0
TEST_0908,1.0000000000000002
TEST_0909,1.0000000000000002
TEST_0910,0.05
TEST_0911,0.0
TEST_0912,0.0
TEST_0913,1.0000000000000002
TEST_0914,0.0
TEST_0915,1.0000000000000002
TEST_0916,0.0
TEST_0917,1.0000000000000002
TEST_0918,0.0
TEST_0919,0.9500000000000003
TEST_0920,1.0000000000000002
TEST_0921,0.5499999999999999
TEST_0922,0.8000000000000002
TEST_0923,0.0
TEST_0924,0.0
TEST_0925,0.35
TEST_0926,0.7500000000000001
TEST_0927,1.0000000000000002
TEST_0928,0.9000000000000002
TEST_0929,0.0
TEST_0930,0.9000000000000002
TEST_0931,0.9500000000000003
TEST_0932,0.0
TEST_0933,0.0
TEST_0934,0.05
TEST_0935,0.0
TEST_0936,1.0000000000000002
TEST_0937,0.0
TEST_0938,0.0
TEST_0939,0.6
TEST_0940,0.49999999999999994
TEST_0941,1.0000000000000002
TEST_0942,0.0
TEST_0943,0.0
TEST_0944,0.0
TEST_0945,0.0
TEST_0946,0.5499999999999999
TEST_0947,1.0000000000000002
TEST_0948,0.0
TEST_0949,0.35
TEST_0950,0.0
TEST_0951,0.0
TEST_0952,0.05
TEST_0953,0.0
TEST_0954,0.0
TEST_0955,1.0000000000000002
TEST_0956,0.0
TEST_0957,1.0000000000000002
TEST_0958,0.0
TEST_0959,0.9500000000000003
TEST_0960,0.0
TEST_0961,1.0000000000000002
TEST_0962,0.25
TEST_0963,0.0
TEST_0964,0.7000000000000001
TEST_0965,0.49999999999999994
TEST_0966,0.5499999999999999
TEST_0967,0.05
TEST_0968,0.0
TEST_0969,1.0000000000000002
TEST_0970,1.0000000000000002
TEST_0971,0.0
TEST_0972,1.0000000000000002
TEST_0973,1.0000000000000002
TEST_0974,0.0
TEST_0975,0.9500000000000003
TEST_0976,0.0
TEST_0977,0.0
TEST_0978,0.0
TEST_0979,0.7500000000000001
TEST_0980,0.39999999999999997
TEST_0981,0.0
TEST_0982,0.7500000000000001
TEST_0983,0.7000000000000001
TEST_0984,0.0
TEST_0985,0.0
TEST_0986,0.0
TEST_0987,1.0000000000000002
TEST_0988,0.0
TEST_0989,0.44999999999999996
TEST_0990,0.49999999999999994
TEST_0991,0.0
TEST_0992,0.0
TEST_0993,0.0
TEST_0994,0.0
TEST_0995,0.0
TEST_0996,1.0000000000000002
TEST_0997,0.9500000000000003
TEST_0998,0.0
TEST_0999,0.0
TEST_1000,0.0
TEST_1001,0.0
TEST_1002,0.0
TEST_1003,0.7500000000000001
TEST_1004,0.0
TEST_1005,0.0
TEST_1006,1.0000000000000002
TEST_1007,0.9500000000000003
TEST_1008,0.0
TEST_1009,0.0
TEST_1010,0.1
TEST_1011,0.39999999999999997
TEST_1012,0.0
TEST_1013,0.0
TEST_1014,0.9500000000000003
TEST_1015,1.0000000000000002
TEST_1016,0.8500000000000002
TEST_1017,1.0000000000000002
TEST_1018,0.0
TEST_1019,0.0
TEST_1020,0.9000000000000002
TEST_1021,0.9500000000000003
TEST_1022,0.0
TEST_1023,0.8500000000000002
TEST_1024,1.0000000000000002
TEST_1025,0.3
TEST_1026,0.7500000000000001
TEST_1027,0.0
TEST_1028,0.0
TEST_1029,0.9500000000000003
TEST_1030,0.0
TEST_1031,0.25
TEST_1032,0.0
TEST_1033,0.0
TEST_1034,1.0000000000000002
TEST_1035,1.0000000000000002
TEST_1036,1.0000000000000002
TEST_1037,0.0
TEST_1038,0.0
TEST_1039,0.0
TEST_1040,0.0
TEST_1041,1.0000000000000002
TEST_1042,0.6
TEST_1043,0.9500000000000003
TEST_1044,1.0000000000000002
TEST_1045,1.0000000000000002
TEST_1046,0.0
TEST_1047,1.0000000000000002
TEST_1048,1.0000000000000002
TEST_1049,0.0
TEST_1050,0.05
TEST_1051,1.0000000000000002
TEST_1052,0.0
TEST_1053,0.7500000000000001
TEST_1054,0.0
TEST_1055,0.0
TEST_1056,0.0
TEST_1057,1.0000000000000002
TEST_1058,0.9000000000000002
TEST_1059,0.0
TEST_1060,0.0
TEST_1061,0.9500000000000003
TEST_1062,0.9500000000000003
TEST_1063,0.0
TEST_1064,0.0
TEST_1065,0.0
TEST_1066,0.0
TEST_1067,1.0000000000000002
TEST_1068,0.0
TEST_1069,0.0
TEST_1070,0.0
TEST_1071,1.0000000000000002
TEST_1072,0.0
TEST_1073,0.7500000000000001
TEST_1074,0.7500000000000001
TEST_1075,0.0
TEST_1076,0.0
TEST_1077,0.0
TEST_1078,0.0
TEST_1079,0.25
TEST_1080,0.9000000000000002
TEST_1081,0.0
TEST_1082,0.35
TEST_1083,0.05
TEST_1084,0.0
TEST_1085,1.0000000000000002
TEST_1086,0.0
TEST_1087,0.5499999999999999
TEST_1088,0.0
TEST_1089,0.0
TEST_1090,1.0000000000000002
TEST_1091,0.9500000000000003
TEST_1092,0.0
TEST_1093,0.0
TEST_1094,0.0
TEST_1095,0.0
TEST_1096,1.0000000000000002
TEST_1097,0.0
TEST_1098,0.0
TEST_1099,0.0
TEST_1100,0.05
TEST_1101,0.65
TEST_1102,0.9500000000000003
TEST_1103,0.0
TEST_1104,1.0000000000000002
TEST_1105,0.0
TEST_1106,0.0
TEST_1107,0.9500000000000003
TEST_1108,1.0000000000000002
TEST_1109,0.25
TEST_1110,0.05
TEST_1111,0.0
TEST_1112,0.8000000000000002
TEST_1113,0.7000000000000001
TEST_1114,0.0
TEST_1115,0.15000000000000002
TEST_1116,0.8500000000000002
TEST_1117,0.49999999999999994
TEST_1118,0.9500000000000003
TEST_1119,1.0000000000000002
TEST_1120,0.9000000000000002
TEST_1121,0.05
TEST_1122,0.0
TEST_1123,0.35
TEST_1124,0.0
TEST_1125,0.0
TEST_1126,1.0000000000000002
TEST_1127,0.9500000000000003
TEST_1128,0.9000000000000002
TEST_1129,1.0000000000000002
TEST_1130,0.05
TEST_1131,0.65
TEST_1132,0.05
TEST_1133,0.0
TEST_1134,0.0
TEST_1135,0.0
TEST_1136,0.0
TEST_1137,0.8000000000000002
TEST_1138,0.0
TEST_1139,0.0
TEST_1140,0.7500000000000001
TEST_1141,0.0
TEST_1142,1.0000000000000002
TEST_1143,0.8000000000000002
TEST_1144,0.0
TEST_1145,0.0
TEST_1146,0.7500000000000001
TEST_1147,0.9500000000000003
TEST_1148,0.0
TEST_1149,0.9500000000000003
TEST_1150,0.0
TEST_1151,0.0
TEST_1152,0.0
TEST_1153,0.9000000000000002
TEST_1154,0.0
TEST_1155,0.0
TEST_1156,0.0
TEST_1157,0.0
TEST_1158,0.9500000000000003
TEST_1159,0.0
TEST_1160,0.1
TEST_1161,0.0
TEST_1162,0.0
TEST_1163,0.0
TEST_1164,0.0
TEST_1165,0.0
TEST_1166,0.8500000000000002
TEST_1167,0.0
TEST_1168,0.0
TEST_1169,0.0
TEST_1170,0.1
TEST_1171,0.0
TEST_1172,0.25
TEST_1173,0.0
TEST_1174,0.0
TEST_1175,0.0
TEST_1176,0.1
TEST_1177,0.9500000000000003
TEST_1178,0.0
TEST_1179,0.05
TEST_1180,0.0
TEST_1181,0.3
TEST_1182,1.0000000000000002
TEST_1183,1.0000000000000002
TEST_1184,0.0
TEST_1185,0.0
TEST_1186,0.0
TEST_1187,0.0
TEST_1188,0.0
TEST_1189,0.1
TEST_1190,0.0
TEST_1191,0.8500000000000002
TEST_1192,1.0000000000000002
TEST_1193,0.25
TEST_1194,0.0
TEST_1195,0.0
TEST_1196,1.0000000000000002
TEST_1197,0.0
TEST_1198,0.0
TEST_1199,0.6
TEST_1200,0.0
TEST_1201,0.0
TEST_1202,1.0000000000000002
TEST_1203,0.9500000000000003
TEST_1204,0.44999999999999996
TEST_1205,0.9000000000000002
TEST_1206,0.0
TEST_1207,1.0000000000000002
TEST_1208,0.0
TEST_1209,0.0
TEST_1210,0.0
TEST_1211,0.8500000000000002
TEST_1212,0.0
TEST_1213,0.0
TEST_1214,1.0000000000000002
TEST_1215,1.0000000000000002
TEST_1216,0.65
TEST_1217,0.2
TEST_1218,0.7000000000000001
TEST_1219,0.1
TEST_1220,0.0
TEST_1221,0.35
TEST_1222,0.0
TEST_1223,0.0
TEST_1224,1.0000000000000002
TEST_1225,0.0
TEST_1226,0.0
TEST_1227,1.0000000000000002
TEST_1228,1.0000000000000002
TEST_1229,1.0000000000000002
TEST_1230,0.0
TEST_1231,0.39999999999999997
TEST_1232,1.0000000000000002
TEST_1233,0.0
TEST_1234,0.0
TEST_1235,0.0
TEST_1236,0.0
TEST_1237,1.0000000000000002
TEST_1238,0.0
TEST_1239,0.65
TEST_1240,1.0000000000000002
TEST_1241,0.9500000000000003
TEST_1242,0.0
TEST_1243,1.0000000000000002
TEST_1244,0.0
TEST_1245,0.0
TEST_1246,0.0
TEST_1247,0.0
TEST_1248,0.0
TEST_1249,1.0000000000000002
TEST_1250,1.0000000000000002
TEST_1251,0.9500000000000003
TEST_1252,0.0
TEST_1253,0.25
TEST_1254,0.8500000000000002
TEST_1255,0.0
TEST_1256,0.35
TEST_1257,1.0000000000000002
TEST_1258,0.65
TEST_1259,0.0
TEST_1260,0.0
TEST_1261,0.0
TEST_1262,0.8500000000000002
TEST_1263,0.0
TEST_1264,1.0000000000000002
TEST_1265,1.0000000000000002
TEST_1266,0.05
TEST_1267,1.0000000000000002
TEST_1268,1.0000000000000002
TEST_1269,0.0
TEST_1270,0.0
TEST_1271,0.65
TEST_1272,0.0
TEST_1273,0.0
TEST_1274,0.0
TEST_1275,0.44999999999999996
TEST_1276,0.0
TEST_1277,0.0
TEST_1278,1.0000000000000002
TEST_1279,1.0000000000000002
TEST_1280,0.8500000000000002
TEST_1281,0.65
TEST_1282,0.0
TEST_1283,0.9500000000000003
TEST_1284,0.0
TEST_1285,0.0
TEST_1286,0.1
TEST_1287,0.15000000000000002
TEST_1288,0.0
TEST_1289,0.0
TEST_1290,0.0
TEST_1291,0.0
TEST_1292,0.9500000000000003
TEST_1293,0.0
TEST_1294,0.8500000000000002
TEST_1295,0.0
TEST_1296,0.0
TEST_1297,0.0
TEST_1298,1.0000000000000002
TEST_1299,0.0
TEST_1300,0.0
TEST_1301,1.0000000000000002
TEST_1302,0.9500000000000003
TEST_1303,0.15000000000000002
TEST_1304,0.0
TEST_1305,0.2
TEST_1306,0.7500000000000001
TEST_1307,0.2
TEST_1308,0.0
TEST_1309,0.65
TEST_1310,0.6
TEST_1311,0.0
TEST_1312,0.0
TEST_1313,0.0
TEST_1314,1.0000000000000002
TEST_1315,0.05
TEST_1316,1.0000000000000002
TEST_1317,1.0000000000000002
TEST_1318,0.15000000000000002
TEST_1319,0.6
TEST_1320,0.0
TEST_1321,1.0000000000000002
TEST_1322,0.0
TEST_1323,0.5499999999999999
TEST_1324,0.0
TEST_1325,0.1
TEST_1326,0.8500000000000002
TEST_1327,0.5499999999999999
TEST_1328,0.65
TEST_1329,0.0
TEST_1330,0.0
TEST_1331,1.0000000000000002
TEST_1332,0.44999999999999996
TEST_1333,0.0
TEST_1334,0.0
TEST_1335,0.9000000000000002
TEST_1336,0.15000000000000002
TEST_1337,0.0
TEST_1338,0.0
TEST_1339,0.0
TEST_1340,0.9500000000000003
TEST_1341,0.15000000000000002
TEST_1342,1.0000000000000002
TEST_1343,0.9000000000000002
TEST_1344,0.0
TEST_1345,0.65
TEST_1346,0.0
TEST_1347,0.5499999999999999
TEST_1348,0.0
TEST_1349,0.15000000000000002
TEST_1350,0.25
TEST_1351,0.0
TEST_1352,0.0
TEST_1353,0.5499999999999999
TEST_1354,0.0
TEST_1355,1.0000000000000002
TEST_1356,0.0
TEST_1357,0.0
TEST_1358,0.0
TEST_1359,1.0000000000000002
TEST_1360,0.0
TEST_1361,0.0
TEST_1362,0.05
TEST_1363,0.0
TEST_1364,0.0
TEST_1365,1.0000000000000002
TEST_1366,0.2
TEST_1367,1.0000000000000002
TEST_1368,0.8500000000000002
TEST_1369,0.9500000000000003
TEST_1370,0.2
TEST_1371,0.0
TEST_1372,0.35
TEST_1373,0.0
TEST_1374,0.65
TEST_1375,0.9500000000000003
TEST_1376,0.7500000000000001
TEST_1377,0.05
TEST_1378,0.6
TEST_1379,1.0000000000000002
TEST_1380,0.0
TEST_1381,1.0000000000000002
TEST_1382,1.0000000000000002
TEST_1383,1.0000000000000002
TEST_1384,1.0000000000000002
TEST_1385,0.15000000000000002
TEST_1386,0.0
TEST_1387,0.0
TEST_1388,0.0
TEST_1389,0.9500000000000003
TEST_1390,0.05
TEST_1391,1.0000000000000002
TEST_1392,1.0000000000000002
TEST_1393,0.0
TEST_1394,1.0000000000000002
TEST_1395,1.0000000000000002
TEST_1396,0.0
TEST_1397,0.0
TEST_1398,0.2
TEST_1399,0.7500000000000001
TEST_1400,0.25
TEST_1401,0.7500000000000001
TEST_1402,0.7000000000000001
TEST_1403,0.0
TEST_1404,0.2
TEST_1405,0.0
TEST_1406,0.9000000000000002
TEST_1407,0.6
TEST_1408,1.0000000000000002
TEST_1409,1.0000000000000002
TEST_1410,1.0000000000000002
TEST_1411,1.0000000000000002
TEST_1412,0.7000000000000001
TEST_1413,1.0000000000000002
TEST_1414,0.0
TEST_1415,0.0
TEST_1416,0.0
TEST_1417,0.0
TEST_1418,0.7500000000000001
TEST_1419,0.0
TEST_1420,0.05
TEST_1421,0.0
TEST_1422,0.0
TEST_1423,1.0000000000000002
TEST_1424,0.0
TEST_1425,0.05
TEST_1426,0.9000000000000002
TEST_1427,0.8500000000000002
TEST_1428,0.0
TEST_1429,0.0
TEST_1430,0.0
TEST_1431,0.44999999999999996
TEST_1432,0.9500000000000003
TEST_1433,0.0
TEST_1434,0.0
TEST_1435,1.0000000000000002
TEST_1436,1.0000000000000002
TEST_1437,0.0
TEST_1438,0.9500000000000003
TEST_1439,0.25
TEST_1440,0.0
TEST_1441,0.9500000000000003
TEST_1442,1.0000000000000002
TEST_1443,0.1
TEST_1444,0.0
TEST_1445,0.39999999999999997
TEST_1446,0.0
TEST_1447,0.15000000000000002
TEST_1448,0.0
TEST_1449,1.0000000000000002
TEST_1450,1.0000000000000002
TEST_1451,0.0
TEST_1452,1.0000000000000002
TEST_1453,1.0000000000000002
TEST_1454,0.0
TEST_1455,0.0
TEST_1456,0.0
TEST_1457,0.0
TEST_1458,0.0
TEST_1459,0.39999999999999997
TEST_1460,0.0
TEST_1461,0.9500000000000003
TEST_1462,0.15000000000000002
TEST_1463,0.05
TEST_1464,0.0
TEST_1465,0.05
TEST_1466,0.0
TEST_1467,0.15000000000000002
TEST_1468,0.8500000000000002
TEST_1469,0.0
TEST_1470,0.7000000000000001
TEST_1471,1.0000000000000002
TEST_1472,0.0
TEST_1473,0.0
TEST_1474,0.0
TEST_1475,0.65
TEST_1476,0.0
TEST_1477,0.0
TEST_1478,0.0
TEST_1479,0.9500000000000003
TEST_1480,1.0000000000000002
TEST_1481,0.8000000000000002
TEST_1482,0.9500000000000003
TEST_1483,1.0000000000000002
TEST_1484,0.0
TEST_1485,1.0000000000000002
TEST_1486,1.0000000000000002
TEST_1487,1.0000000000000002
TEST_1488,1.0000000000000002
TEST_1489,0.0
TEST_1490,0.15000000000000002
TEST_1491,0.9500000000000003
TEST_1492,0.0
TEST_1493,1.0000000000000002
TEST_1494,0.0
TEST_1495,0.0
TEST_1496,0.0
TEST_1497,0.44999999999999996
TEST_1498,1.0000000000000002
TEST_1499,1.0000000000000002
TEST_1500,1.0000000000000002
TEST_1501,0.0
TEST_1502,0.0
TEST_1503,0.0
TEST_1504,0.0
TEST_1505,0.0
TEST_1506,0.0
TEST_1507,1.0000000000000002
TEST_1508,0.44999999999999996
TEST_1509,0.9500000000000003
TEST_1510,0.0
TEST_1511,0.0
TEST_1512,0.0
TEST_1513,0.0
TEST_1514,0.0
TEST_1515,0.65
TEST_1516,0.0
TEST_1517,0.6
TEST_1518,0.0
TEST_1519,1.0000000000000002
TEST_1520,0.0
TEST_1521,0.0
TEST_1522,0.0
TEST_1523,1.0000000000000002
TEST_1524,1.0000000000000002
TEST_1525,0.0
TEST_1526,0.0
TEST_1527,0.0
TEST_1528,0.0
TEST_1529,0.0
TEST_1530,0.1
TEST_1531,0.0
TEST_1532,0.65
TEST_1533,0.0
TEST_1534,0.15000000000000002
TEST_1535,0.0
TEST_1536,0.0
TEST_1537,1.0000000000000002
TEST_1538,1.0000000000000002
TEST_1539,0.0
TEST_1540,0.25
TEST_1541,0.7500000000000001
TEST_1542,0.0
TEST_1543,1.0000000000000002
TEST_1544,0.0
TEST_1545,0.0
TEST_1546,0.9500000000000003
TEST_1547,1.0000000000000002
TEST_1548,0.8000000000000002
TEST_1549,0.0
TEST_1550,0.44999999999999996
TEST_1551,0.9500000000000003
TEST_1552,0.1
TEST_1553,0.0
TEST_1554,1.0000000000000002
TEST_1555,0.0
TEST_1556,0.0
TEST_1557,0.05
TEST_1558,0.9500000000000003
TEST_1559,1.0000000000000002
TEST_1560,0.49999999999999994
TEST_1561,0.0
TEST_1562,0.0
TEST_1563,0.0
TEST_1564,0.0
TEST_1565,0.8500000000000002
TEST_1566,0.0
TEST_1567,0.0
TEST_1568,0.0
TEST_1569,0.0
TEST_1570,0.0
TEST_1571,0.0
TEST_1572,0.0
TEST_1573,0.0
TEST_1574,0.0
TEST_1575,0.9000000000000002
TEST_1576,0.0
TEST_1577,0.0
TEST_1578,1.0000000000000002
TEST_1579,0.35
TEST_1580,0.8000000000000002
TEST_1581,0.8500000000000002
TEST_1582,0.0
TEST_1583,0.0
TEST_1584,0.0
TEST_1585,0.44999999999999996
TEST_1586,0.0
TEST_1587,0.0
TEST_1588,0.0
TEST_1589,0.25
TEST_1590,0.0
TEST_1591,0.0
TEST_1592,0.0
TEST_1593,0.0
TEST_1594,0.7000000000000001
TEST_1595,0.0
TEST_1596,0.0
TEST_1597,0.9500000000000003
TEST_1598,1.0000000000000002
TEST_1599,0.0
TEST_1600,0.0
TEST_1601,0.0
TEST_1602,0.0
TEST_1603,0.44999999999999996
TEST_1604,0.39999999999999997
TEST_1605,1.0000000000000002
TEST_1606,0.0
TEST_1607,1.0000000000000002
TEST_1608,1.0000000000000002
TEST_1609,0.15000000000000002
TEST_1610,1.0000000000000002
TEST_1611,0.1
TEST_1612,0.0
TEST_1613,1.0000000000000002
TEST_1614,0.0
TEST_1615,1.0000000000000002
TEST_1616,0.0
TEST_1617,0.0
TEST_1618,0.2
TEST_1619,1.0000000000000002
TEST_1620,0.44999999999999996
TEST_1621,1.0000000000000002
TEST_1622,0.9500000000000003
TEST_1623,1.0000000000000002
TEST_1624,0.9500000000000003
TEST_1625,0.1
TEST_1626,0.9500000000000003
TEST_1627,0.0
TEST_1628,1.0000000000000002
TEST_1629,0.65
TEST_1630,0.0
TEST_1631,0.15000000000000002
TEST_1632,0.05
TEST_1633,0.8500000000000002
TEST_1634,0.0
TEST_1635,0.0
TEST_1636,0.0
TEST_1637,0.7500000000000001
TEST_1638,0.65
TEST_1639,1.0000000000000002
TEST_1640,0.0
TEST_1641,0.0
TEST_1642,1.0000000000000002
TEST_1643,0.0
TEST_1644,0.5499999999999999
TEST_1645,1.0000000000000002
TEST_1646,0.0
TEST_1647,1.0000000000000002
TEST_1648,0.0
TEST_1649,0.05
TEST_1650,0.44999999999999996
TEST_1651,0.05
TEST_1652,0.15000000000000002
TEST_1653,1.0000000000000002
TEST_1654,0.0
TEST_1655,0.0
TEST_1656,0.0
TEST_1657,0.0
TEST_1658,0.05
TEST_1659,0.2
TEST_1660,0.0
TEST_1661,1.0000000000000002
TEST_1662,0.0
TEST_1663,0.0
TEST_1664,0.0
TEST_1665,0.05
TEST_1666,0.05
TEST_1667,0.0
TEST_1668,1.0000000000000002
TEST_1669,0.0
TEST_1670,0.8500000000000002
TEST_1671,0.0
TEST_1672,1.0000000000000002
TEST_1673,0.0
TEST_1674,1.0000000000000002
TEST_1675,0.0
TEST_1676,0.0
TEST_1677,0.0
TEST_1678,1.0000000000000002
TEST_1679,1.0000000000000002
TEST_1680,0.0
TEST_1681,0.9000000000000002
TEST_1682,0.2
TEST_1683,0.6
TEST_1684,0.39999999999999997
TEST_1685,1.0000000000000002
TEST_1686,0.9500000000000003
TEST_1687,0.39999999999999997
TEST_1688,0.49999999999999994
TEST_1689,0.65
TEST_1690,0.05
TEST_1691,0.6
TEST_1692,0.8000000000000002
TEST_1693,0.39999999999999997
TEST_1694,1.0000000000000002
TEST_1695,0.0
TEST_1696,0.2
TEST_1697,0.0
TEST_1698,0.49999999999999994
TEST_1699,0.0
TEST_1700,0.05
TEST_1701,1.0000000000000002
TEST_1702,0.2
TEST_1703,0.0
TEST_1704,0.0
TEST_1705,0.0
TEST_1706,1.0000000000000002
TEST_1707,0.65
TEST_1708,1.0000000000000002
TEST_1709,0.9000000000000002
TEST_1710,0.9500000000000003
TEST_1711,1.0000000000000002
TEST_1712,0.5499999999999999
TEST_1713,0.0
TEST_1714,0.0
TEST_1715,0.0
TEST_1716,0.0
TEST_1717,0.0
TEST_1718,0.0
TEST_1719,0.0
TEST_1720,0.9500000000000003
TEST_1721,0.35
TEST_1722,0.0
TEST_1723,0.2
TEST_1724,0.2
TEST_1725,1.0000000000000002
TEST_1726,1.0000000000000002
TEST_1727,0.0
TEST_1728,0.0
TEST_1729,0.0
TEST_1730,1.0000000000000002
TEST_1731,1.0000000000000002
TEST_1732,0.25
TEST_1733,0.0
TEST_1734,0.0
TEST_1735,0.35
TEST_1736,0.25
TEST_1737,0.9500000000000003
TEST_1738,1.0000000000000002
TEST_1739,0.0
TEST_1740,0.05
TEST_1741,0.0
TEST_1742,0.0
TEST_1743,0.0
TEST_1744,1.0000000000000002
TEST_1745,0.0
TEST_1746,0.15000000000000002
TEST_1747,0.7000000000000001
TEST_1748,0.0
TEST_1749,0.0
TEST_1750,0.05
TEST_1751,0.15000000000000002
TEST_1752,0.44999999999999996
TEST_1753,0.9500000000000003
TEST_1754,1.0000000000000002
TEST_1755,0.0
TEST_1756,0.0
TEST_1757,0.35
TEST_1758,0.6
TEST_1759,1.0000000000000002
TEST_1760,0.0
TEST_1761,0.15000000000000002
TEST_1762,1.0000000000000002
TEST_1763,0.9500000000000003
TEST_1764,0.9000000000000002
TEST_1765,0.0
TEST_1766,1.0000000000000002
TEST_1767,0.9000000000000002
TEST_1768,0.9000000000000002
TEST_1769,0.0
TEST_1770,0.0
TEST_1771,0.9000000000000002
TEST_1772,0.0
TEST_1773,0.9500000000000003
TEST_1774,1.0000000000000002
TEST_1775,0.0
TEST_1776,0.1
TEST_1777,0.0
TEST_1778,0.0
TEST_1779,1.0000000000000002
TEST_1780,0.7500000000000001
TEST_1781,0.9500000000000003
TEST_1782,0.0
TEST_1783,1.0000000000000002
TEST_1784,1.0000000000000002
TEST_1785,0.2
TEST_1786,0.0
TEST_1787,0.8500000000000002
TEST_1788,0.5499999999999999
TEST_1789,0.0
TEST_1790,0.0
TEST_1791,1.0000000000000002
TEST_1792,0.0
TEST_1793,0.7500000000000001
TEST_1794,0.0
TEST_1795,0.9500000000000003
TEST_1796,1.0000000000000002
TEST_1797,0.0
TEST_1798,0.7500000000000001
TEST_1799,0.0
TEST_1800,1.0000000000000002
TEST_1801,0.0
TEST_1802,0.0
TEST_1803,0.0
TEST_1804,0.15000000000000002
TEST_1805,0.65
TEST_1806,0.8000000000000002
TEST_1807,1.0000000000000002
TEST_1808,0.1
TEST_1809,0.0
TEST_1810,0.25
TEST_1811,1.0000000000000002
TEST_1812,0.0
TEST_1813,0.0
TEST_1814,0.0
TEST_1815,0.8000000000000002
TEST_1816,1.0000000000000002
TEST_1817,0.2
TEST_1818,0.0
TEST_1819,0.0
TEST_1820,1.0000000000000002
TEST_1821,0.0
TEST_1822,0.7000000000000001
TEST_1823,1.0000000000000002
TEST_1824,0.9000000000000002
TEST_1825,0.0
TEST_1826,0.0
TEST_1827,0.65
TEST_1828,0.0
TEST_1829,0.9000000000000002
TEST_1830,0.0
TEST_1831,0.5499999999999999
TEST_1832,0.0
TEST_1833,0.0
TEST_1834,0.0
TEST_1835,0.15000000000000002
TEST_1836,0.0
TEST_1837,0.0
TEST_1838,1.0000000000000002
TEST_1839,0.9500000000000003
TEST_1840,0.0
TEST_1841,0.0
TEST_1842,0.0
TEST_1843,0.0
TEST_1844,0.8500000000000002
TEST_1845,0.0
TEST_1846,0.0
TEST_1847,0.0
TEST_1848,0.0
TEST_1849,0.25
TEST_1850,0.1
TEST_1851,1.0000000000000002
TEST_1852,0.15000000000000002
TEST_1853,0.05
TEST_1854,0.44999999999999996
TEST_1855,0.0
TEST_1856,0.65
TEST_1857,0.0
TEST_1858,0.0
TEST_1859,1.0000000000000002
TEST_1860,0.0
TEST_1861,0.0
TEST_1862,0.1
TEST_1863,0.0
TEST_1864,0.25
TEST_1865,0.15000000000000002
TEST_1866,0.7500000000000001
TEST_1867,0.05
TEST_1868,0.9000000000000002
TEST_1869,1.0000000000000002
TEST_1870,0.39999999999999997
TEST_1871,0.65
TEST_1872,0.8500000000000002
TEST_1873,0.7500000000000001
TEST_1874,0.8500000000000002
TEST_1875,0.7000000000000001
TEST_1876,0.7000000000000001
TEST_1877,0.0
TEST_1878,1.0000000000000002
TEST_1879,0.0
TEST_1880,1.0000000000000002
TEST_1881,0.0
TEST_1882,0.0
TEST_1883,1.0000000000000002
TEST_1884,1.0000000000000002
TEST_1885,0.0
TEST_1886,1.0000000000000002
TEST_1887,0.3
TEST_1888,0.9500000000000003
TEST_1889,0.5499999999999999
TEST_1890,1.0000000000000002
TEST_1891,1.0000000000000002
TEST_1892,0.7500000000000001
TEST_1893,0.0
TEST_1894,0.0
TEST_1895,0.9500000000000003
TEST_1896,0.0
TEST_1897,0.8500000000000002
TEST_1898,0.0
TEST_1899,0.0
TEST_1900,0.0
TEST_1901,1.0000000000000002
TEST_1902,0.7500000000000001
TEST_1903,0.9000000000000002
TEST_1904,0.0
TEST_1905,0.15000000000000002
TEST_1906,0.0
TEST_1907,0.0
TEST_1908,0.0
TEST_1909,0.0
TEST_1910,0.0
TEST_1911,0.0
TEST_1912,0.5499999999999999
TEST_1913,0.25
TEST_1914,0.0
TEST_1915,0.5499999999999999
TEST_1916,0.0
TEST_1917,0.05
TEST_1918,0.2
TEST_1919,0.15000000000000002
TEST_1920,0.39999999999999997
TEST_1921,0.0
TEST_1922,0.0
TEST_1923,1.0000000000000002
TEST_1924,0.0
TEST_1925,0.49999999999999994
TEST_1926,0.0
TEST_1927,0.44999999999999996
TEST_1928,0.0
TEST_1929,0.0
TEST_1930,1.0000000000000002
TEST_1931,1.0000000000000002
TEST_1932,0.6
TEST_1933,0.05
TEST_1934,0.0
TEST_1935,0.0
TEST_1936,0.0
TEST_1937,0.0
TEST_1938,0.0
TEST_1939,0.8500000000000002
TEST_1940,1.0000000000000002
TEST_1941,1.0000000000000002
TEST_1942,0.1
TEST_1943,0.7500000000000001
TEST_1944,0.39999999999999997
TEST_1945,0.0
TEST_1946,0.25
TEST_1947,0.9500000000000003
TEST_1948,0.0
TEST_1949,0.0
TEST_1950,0.0
TEST_1951,1.0000000000000002
TEST_1952,1.0000000000000002
TEST_1953,0.0
TEST_1954,1.0000000000000002
TEST_1955,0.9500000000000003
TEST_1956,1.0000000000000002
TEST_1957,1.0000000000000002
TEST_1958,0.8000000000000002
TEST_1959,1.0000000000000002
TEST_1960,0.49999999999999994
TEST_1961,0.9500000000000003
TEST_1962,0.9500000000000003
TEST_1963,0.7500000000000001
TEST_1964,1.0000000000000002
TEST_1965,0.0
TEST_1966,0.0
TEST_1967,0.0
TEST_1968,0.05
TEST_1969,0.25
TEST_1970,0.0
TEST_1971,1.0000000000000002
TEST_1972,0.0
TEST_1973,0.0
TEST_1974,0.35
TEST_1975,0.0
TEST_1976,0.39999999999999997
TEST_1977,1.0000000000000002
TEST_1978,0.1
TEST_1979,0.39999999999999997
TEST_1980,0.0
TEST_1981,0.49999999999999994
TEST_1982,0.0
TEST_1983,0.0
TEST_1984,1.0000000000000002
TEST_1985,0.65
TEST_1986,0.0
TEST_1987,0.0
TEST_1988,1.0000000000000002
TEST_1989,0.0
TEST_1990,0.05
TEST_1991,0.6
TEST_1992,0.0
TEST_1993,0.8500000000000002
TEST_1994,0.25
TEST_1995,0.0
TEST_1996,0.0
TEST_1997,0.1
TEST_1998,0.0
TEST_1999,1.0000000000000002
TEST_2000,0.0
TEST_2001,0.1
TEST_2002,0.0
TEST_2003,1.0000000000000002
TEST_2004,0.0
TEST_2005,1.0000000000000002
TEST_2006,0.25
TEST_2007,1.0000000000000002
TEST_2008,0.0
TEST_2009,0.0
TEST_2010,1.0000000000000002
TEST_2011,0.0
TEST_2012,0.0
TEST_2013,0.9500000000000003
TEST_2014,0.0
TEST_2015,0.39999999999999997
TEST_2016,1.0000000000000002
TEST_2017,0.9000000000000002
TEST_2018,1.0000000000000002
TEST_2019,1.0000000000000002
TEST_2020,0.2
TEST_2021,0.0
TEST_2022,0.05
TEST_2023,0.9000000000000002
TEST_2024,0.0
TEST_2025,1.0000000000000002
TEST_2026,0.0
TEST_2027,0.65
TEST_2028,0.0
TEST_2029,1.0000000000000002
TEST_2030,1.0000000000000002
TEST_2031,0.15000000000000002
TEST_2032,0.1
TEST_2033,0.0
TEST_2034,0.9500000000000003
TEST_2035,0.0
TEST_2036,1.0000000000000002
TEST_2037,0.3
TEST_2038,0.0
TEST_2039,0.0
TEST_2040,0.0
TEST_2041,0.0
TEST_2042,0.0
TEST_2043,0.2
TEST_2044,0.44999999999999996
TEST_2045,1.0000000000000002
TEST_2046,0.0
TEST_2047,0.65
TEST_2048,1.0000000000000002
TEST_2049,0.0
TEST_2050,1.0000000000000002
TEST_2051,0.0
TEST_2052,1.0000000000000002
TEST_2053,0.0
TEST_2054,0.9500000000000003
TEST_2055,0.8000000000000002
TEST_2056,0.39999999999999997
TEST_2057,0.39999999999999997
TEST_2058,0.25
TEST_2059,0.0
TEST_2060,0.9500000000000003
TEST_2061,0.0
TEST_2062,0.0
TEST_2063,0.9500000000000003
TEST_2064,0.0
TEST_2065,0.0
TEST_2066,0.39999999999999997
TEST_2067,0.39999999999999997
TEST_2068,1.0000000000000002
TEST_2069,0.0
TEST_2070,0.0
TEST_2071,0.0
TEST_2072,0.0
TEST_2073,0.0
TEST_2074,0.9500000000000003
TEST_2075,0.0
TEST_2076,1.0000000000000002
TEST_2077,0.0
TEST_2078,0.0
TEST_2079,1.0000000000000002
TEST_2080,0.35
TEST_2081,0.6
TEST_2082,1.0000000000000002
TEST_2083,1.0000000000000002
TEST_2084,1.0000000000000002
TEST_2085,0.0
TEST_2086,1.0000000000000002
TEST_2087,0.0
TEST_2088,0.0
TEST_2089,0.9000000000000002
TEST_2090,0.0
TEST_2091,0.05
TEST_2092,0.05
TEST_2093,1.0000000000000002
TEST_2094,0.0
TEST_2095,0.05
TEST_2096,0.2
TEST_2097,1.0000000000000002
TEST_2098,0.9000000000000002
TEST_2099,0.8500000000000002
TEST_2100,0.8500000000000002
TEST_2101,1.0000000000000002
TEST_2102,0.1
TEST_2103,0.0
TEST_2104,0.65
TEST_2105,0.1
TEST_2106,0.7500000000000001
TEST_2107,0.05
TEST_2108,0.2
TEST_2109,0.0
TEST_2110,0.0
TEST_2111,0.44999999999999996
TEST_2112,0.7500000000000001
TEST_2113,0.0
TEST_2114,1.0000000000000002
TEST_2115,0.9500000000000003
TEST_2116,1.0000000000000002
TEST_2117,0.0
TEST_2118,0.0
TEST_2119,0.0
TEST_2120,0.2
TEST_2121,1.0000000000000002
TEST_2122,0.1
TEST_2123,0.0
TEST_2124,0.0
TEST_2125,0.49999999999999994
TEST_2126,0.9000000000000002
TEST_2127,0.0
TEST_2128,0.6
TEST_2129,0.0
TEST_2130,0.0
TEST_2131,0.0
TEST_2132,0.35
TEST_2133,0.0
TEST_2134,0.0
TEST_2135,0.39999999999999997
TEST_2136,0.0
TEST_2137,0.7500000000000001
TEST_2138,0.6
TEST_2139,0.5499999999999999
TEST_2140,0.39999999999999997
TEST_2141,0.8000000000000002
TEST_2142,1.0000000000000002
TEST_2143,0.0
TEST_2144,0.0
TEST_2145,0.1
TEST_2146,0.0
TEST_2147,0.0
TEST_2148,1.0000000000000002
TEST_2149,0.2
TEST_2150,1.0000000000000002
TEST_2151,0.0
TEST_2152,0.9500000000000003
TEST_2153,0.0
TEST_2154,1.0000000000000002
TEST_2155,0.15000000000000002
TEST_2156,0.0
TEST_2157,1.0000000000000002
TEST_2158,1.0000000000000002
TEST_2159,0.1
TEST_2160,1.0000000000000002
TEST_2161,0.05
TEST_2162,0.65
TEST_2163,0.0
TEST_2164,0.0
TEST_2165,0.39999999999999997
TEST_2166,1.0000000000000002
TEST_2167,0.9500000000000003
TEST_2168,0.0
TEST_2169,0.8000000000000002
TEST_2170,1.0000000000000002
TEST_2171,0.15000000000000002
TEST_2172,0.05
TEST_2173,0.7000000000000001
TEST_2174,0.7000000000000001
TEST_2175,0.0
TEST_2176,0.0
TEST_2177,0.0
TEST_2178,0.0
TEST_2179,0.9000000000000002
TEST_2180,0.39999999999999997
TEST_2181,0.0
TEST_2182,0.0
TEST_2183,0.0
TEST_2184,1.0000000000000002
TEST_2185,0.0
TEST_2186,0.05
TEST_2187,0.0
TEST_2188,0.2
TEST_2189,0.0
TEST_2190,0.0
TEST_2191,0.44999999999999996
TEST_2192,0.0
TEST_2193,0.0
TEST_2194,0.0
TEST_2195,0.8500000000000002
TEST_2196,0.3
TEST_2197,0.0
TEST_2198,0.0
TEST_2199,1.0000000000000002
TEST_2200,0.0
TEST_2201,0.0
TEST_2202,0.0
TEST_2203,0.0
TEST_2204,0.8000000000000002
TEST_2205,0.1
TEST_2206,0.0
TEST_2207,0.2
TEST_2208,0.7500000000000001
TEST_2209,0.7500000000000001
TEST_2210,0.0
TEST_2211,0.8500000000000002
TEST_2212,0.8500000000000002
TEST_2213,0.0
TEST_2214,1.0000000000000002
TEST_2215,0.7500000000000001
TEST_2216,0.8000000000000002
TEST_2217,0.6
TEST_2218,0.0
TEST_2219,0.0
TEST_2220,1.0000000000000002
TEST_2221,0.0
TEST_2222,0.9000000000000002
TEST_2223,0.0
TEST_2224,0.0
TEST_2225,0.0
TEST_2226,0.2
TEST_2227,0.0
TEST_2228,0.0
TEST_2229,1.0000000000000002
TEST_2230,0.0
TEST_2231,0.0
TEST_2232,0.8000000000000002
TEST_2233,0.0
TEST_2234,1.0000000000000002
TEST_2235,0.0
TEST_2236,0.0
TEST_2237,0.7500000000000001
TEST_2238,0.0
TEST_2239,0.8500000000000002
TEST_2240,0.0
TEST_2241,0.05
TEST_2242,0.0
TEST_2243,0.0
TEST_2244,0.1
TEST_2245,0.9500000000000003
TEST_2246,0.0
TEST_2247,0.1
TEST_2248,0.0
TEST_2249,0.9000000000000002
TEST_2250,0.3
TEST_2251,0.7000000000000001
TEST_2252,0.0
TEST_2253,0.0
TEST_2254,0.65
TEST_2255,1.0000000000000002
TEST_2256,0.0
TEST_2257,1.0000000000000002
TEST_2258,0.9500000000000003
TEST_2259,0.65
TEST_2260,0.0
TEST_2261,0.05
TEST_2262,0.39999999999999997
TEST_2263,0.0
TEST_2264,0.1
TEST_2265,1.0000000000000002
TEST_2266,0.44999999999999996
TEST_2267,0.0
TEST_2268,1.0000000000000002
TEST_2269,0.0
TEST_2270,0.0
TEST_2271,0.0
TEST_2272,0.0
TEST_2273,0.0
TEST_2274,0.0
TEST_2275,0.0
TEST_2276,0.0
TEST_2277,0.9000000000000002
TEST_2278,0.0
TEST_2279,0.9000000000000002
TEST_2280,0.0
TEST_2281,1.0000000000000002
TEST_2282,0.0
TEST_2283,0.9500000000000003
TEST_2284,0.9500000000000003
TEST_2285,1.0000000000000002
TEST_2286,0.9500000000000003
TEST_2287,1.0000000000000002
TEST_2288,0.0
TEST_2289,1.0000000000000002
TEST_2290,0.0
TEST_2291,1.0000000000000002
TEST_2292,0.8500000000000002
TEST_2293,1.0000000000000002
TEST_2294,0.49999999999999994
TEST_2295,1.0000000000000002
TEST_2296,0.8500000000000002
TEST_2297,0.0
TEST_2298,0.0
TEST_2299,0.0
TEST_2300,0.0
TEST_2301,0.7500000000000001
TEST_2302,0.0
TEST_2303,0.0
TEST_2304,0.05
TEST_2305,1.0000000000000002
TEST_2306,0.0
TEST_2307,0.0
TEST_2308,0.1
TEST_2309,0.05
TEST_2310,0.0
TEST_2311,0.0
TEST_2312,0.0
TEST_2313,0.0
TEST_2314,0.0
TEST_2315,0.0
TEST_2316,0.25
TEST_2317,1.0000000000000002
TEST_2318,0.0
TEST_2319,0.0
TEST_2320,0.0
TEST_2321,0.0
TEST_2322,0.0
TEST_2323,1.0000000000000002
TEST_2324,1.0000000000000002
TEST_2325,0.0
TEST_2326,1.0000000000000002
TEST_2327,0.0
TEST_2328,0.0
TEST_2329,0.0
TEST_2330,0.6
TEST_2331,0.9000000000000002
TEST_2332,0.0
TEST_2333,0.0
TEST_2334,0.0
TEST_2335,0.0
TEST_2336,0.49999999999999994
TEST_2337,0.0
TEST_2338,1.0000000000000002
TEST_2339,0.05
TEST_2340,0.9500000000000003
TEST_2341,1.0000000000000002
TEST_2342,0.35
TEST_2343,0.0
TEST_2344,0.0
TEST_2345,0.0
TEST_2346,0.0
TEST_2347,0.05
TEST_2348,1.0000000000000002
TEST_2349,0.0
TEST_2350,0.0
TEST_2351,0.0
TEST_2352,1.0000000000000002
TEST_2353,0.0
TEST_2354,0.0
TEST_2355,0.0
TEST_2356,0.0
TEST_2357,0.0
TEST_2358,0.0
TEST_2359,0.0
TEST_2360,0.1
TEST_2361,0.8000000000000002
TEST_2362,0.7500000000000001
TEST_2363,0.3
TEST_2364,0.0
TEST_2365,0.0
TEST_2366,0.0
TEST_2367,0.1
TEST_2368,1.0000000000000002
TEST_2369,0.0
TEST_2370,0.9500000000000003
TEST_2371,0.1
TEST_2372,0.0
TEST_2373,0.1
TEST_2374,0.0
TEST_2375,1.0000000000000002
TEST_2376,0.7000000000000001
TEST_2377,0.0
TEST_2378,1.0000000000000002
TEST_2379,0.0
TEST_2380,0.9000000000000002
TEST_2381,0.0
TEST_2382,0.0
TEST_2383,1.0000000000000002
TEST_2384,1.0000000000000002
TEST_2385,0.05
TEST_2386,0.8500000000000002
TEST_2387,1.0000000000000002
TEST_2388,0.0
TEST_2389,0.8500000000000002
TEST_2390,0.0
TEST_2391,0.0
TEST_2392,0.0
TEST_2393,0.65
TEST_2394,1.0000000000000002
TEST_2395,0.0
TEST_2396,0.0
TEST_2397,0.9000000000000002
TEST_2398,0.0
TEST_2399,1.0000000000000002
TEST_2400,0.0
TEST_2401,1.0000000000000002
TEST_2402,0.0
TEST_2403,0.9500000000000003
TEST_2404,0.9500000000000003
TEST_2405,1.0000000000000002
TEST_2406,1.0000000000000002
TEST_2407,0.15000000000000002
TEST_2408,0.0
TEST_2409,0.9000000000000002
TEST_2410,1.0000000000000002
TEST_2411,0.0
TEST_2412,0.6
TEST_2413,0.9500000000000003
TEST_2414,0.0
TEST_2415,1.0000000000000002
TEST_2416,1.0000000000000002
TEST_2417,1.0000000000000002
TEST_2418,0.0
TEST_2419,0.7500000000000001
TEST_2420,0.44999999999999996
TEST_2421,0.9500000000000003
TEST_2422,0.65
TEST_2423,0.7500000000000001
TEST_2424,0.0
TEST_2425,0.7000000000000001
TEST_2426,0.0
TEST_2427,0.8000000000000002
TEST_2428,0.35
TEST_2429,0.0
TEST_2430,0.25
TEST_2431,0.0
TEST_2432,0.9500000000000003
TEST_2433,0.05
TEST_2434,1.0000000000000002
TEST_2435,0.0
TEST_2436,0.0
TEST_2437,0.0
TEST_2438,0.8000000000000002
TEST_2439,0.9500000000000003
TEST_2440,0.7500000000000001
TEST_2441,0.6
TEST_2442,0.5499999999999999
TEST_2443,1.0000000000000002
TEST_2444,0.15000000000000002
TEST_2445,0.8000000000000002
TEST_2446,0.05
TEST_2447,1.0000000000000002
TEST_2448,0.8000000000000002
TEST_2449,0.0
TEST_2450,1.0000000000000002
TEST_2451,1.0000000000000002
TEST_2452,1.0000000000000002
TEST_2453,0.0
TEST_2454,0.05
TEST_2455,0.0
TEST_2456,0.0
TEST_2457,1.0000000000000002
TEST_2458,0.0
TEST_2459,0.0
TEST_2460,0.0
TEST_2461,0.7000000000000001
TEST_2462,0.0
TEST_2463,0.0
TEST_2464,0.39999999999999997
TEST_2465,0.0
TEST_2466,1.0000000000000002
TEST_2467,1.0000000000000002
TEST_2468,0.44999999999999996
TEST_2469,0.8000000000000002
TEST_2470,0.35
TEST_2471,0.05
TEST_2472,0.0
TEST_2473,0.8500000000000002
TEST_2474,0.0
TEST_2475,0.0
TEST_2476,0.0
TEST_2477,0.9500000000000003
TEST_2478,0.0
TEST_2479,0.0
TEST_2480,0.15000000000000002
TEST_2481,0.9000000000000002
TEST_2482,1.0000000000000002
TEST_2483,0.0
TEST_2484,0.0
TEST_2485,0.0
TEST_2486,0.0
TEST_2487,0.0
TEST_2488,0.6
TEST_2489,0.8500000000000002
TEST_2490,0.8500000000000002
TEST_2491,0.9500000000000003
TEST_2492,0.0
TEST_2493,0.49999999999999994
TEST_2494,0.0
TEST_2495,0.1
TEST_2496,0.0
TEST_2497,0.0
TEST_2498,1.0000000000000002
TEST_2499,0.0
TEST_2500,0.0
TEST_2501,0.05
TEST_2502,0.0
TEST_2503,0.49999999999999994
TEST_2504,1.0000000000000002
TEST_2505,0.9500000000000003
TEST_2506,0.1
TEST_2507,0.0
TEST_2508,0.0
TEST_2509,0.0
TEST_2510,0.0
TEST_2511,1.0000000000000002
TEST_2512,0.0
TEST_2513,0.0
TEST_2514,0.15000000000000002
TEST_2515,0.0
TEST_2516,0.0
TEST_2517,0.0
TEST_2518,1.0000000000000002
TEST_2519,1.0000000000000002
TEST_2520,1.0000000000000002
TEST_2521,0.8000000000000002
TEST_2522,0.0
TEST_2523,0.65
TEST_2524,0.0
TEST_2525,0.5499999999999999
TEST_2526,0.0
TEST_2527,1.0000000000000002
TEST_2528,0.0
TEST_2529,0.7000000000000001
TEST_2530,0.0
TEST_2531,1.0000000000000002
TEST_2532,0.0
TEST_2533,0.0
TEST_2534,0.0
TEST_2535,0.0
TEST_2536,0.0
TEST_2537,0.49999999999999994
TEST_2538,0.0
TEST_2539,0.1
TEST_2540,1.0000000000000002
TEST_2541,0.0
TEST_2542,0.0
TEST_2543,0.0
TEST_2544,0.0
TEST_2545,0.0
TEST_2546,1.0000000000000002
TEST_2547,0.05
TEST_2548,0.1
TEST_2549,0.15000000000000002
TEST_2550,0.6
TEST_2551,0.0
TEST_2552,0.0
TEST_2553,0.9000000000000002
TEST_2554,0.0
TEST_2555,1.0000000000000002
TEST_2556,0.9500000000000003
TEST_2557,0.0
TEST_2558,1.0000000000000002
TEST_2559,0.1
TEST_2560,0.3
TEST_2561,0.9500000000000003
TEST_2562,0.0
TEST_2563,1.0000000000000002
TEST_2564,0.1
TEST_2565,0.0
TEST_2566,0.0
TEST_2567,0.0
TEST_2568,0.9000000000000002
TEST_2569,0.8000000000000002
TEST_2570,0.0
TEST_2571,0.9500000000000003
TEST_2572,0.25
TEST_2573,0.0
TEST_2574,0.0
TEST_2575,0.05
TEST_2576,0.0
TEST_2577,0.0
TEST_2578,0.0
TEST_2579,0.0
TEST_2580,0.0
TEST_2581,0.2
TEST_2582,0.9000000000000002
TEST_2583,0.0
TEST_2584,0.0
TEST_2585,1.0000000000000002
TEST_2586,0.0
TEST_2587,1.0000000000000002
TEST_2588,0.0
TEST_2589,1.0000000000000002
TEST_2590,0.9000000000000002
TEST_2591,0.9500000000000003
TEST_2592,0.0
TEST_2593,0.0
TEST_2594,0.9500000000000003
TEST_2595,0.9500000000000003
TEST_2596,0.9500000000000003
TEST_2597,0.15000000000000002
TEST_2598,1.0000000000000002
TEST_2599,0.0
TEST_2600,0.9500000000000003
TEST_2601,0.05
TEST_2602,1.0000000000000002
TEST_2603,0.25
TEST_2604,0.25
TEST_2605,0.0
TEST_2606,0.9500000000000003
TEST_2607,0.0
TEST_2608,0.05
TEST_2609,1.0000000000000002
TEST_2610,1.0000000000000002
TEST_2611,0.15000000000000002
TEST_2612,1.0000000000000002
TEST_2613,0.0
TEST_2614,0.0
TEST_2615,0.9500000000000003
TEST_2616,0.05
TEST_2617,0.0
TEST_2618,1.0000000000000002
TEST_2619,1.0000000000000002
TEST_2620,0.44999999999999996
TEST_2621,0.0
TEST_2622,0.9000000000000002
TEST_2623,1.0000000000000002
TEST_2624,0.9500000000000003
TEST_2625,0.0
TEST_2626,0.0
TEST_2627,0.1
TEST_2628,0.0
TEST_2629,1.0000000000000002
TEST_2630,0.0
TEST_2631,0.0
TEST_2632,0.0
TEST_2633,1.0000000000000002
TEST_2634,0.0
TEST_2635,0.5499999999999999
TEST_2636,1.0000000000000002
TEST_2637,0.25
TEST_2638,0.8500000000000002
TEST_2639,0.3
TEST_2640,0.0
TEST_2641,0.15000000000000002
TEST_2642,1.0000000000000002
TEST_2643,0.0
TEST_2644,0.6
TEST_2645,0.0
TEST_2646,0.0
TEST_2647,0.0
TEST_2648,1.0000000000000002
TEST_2649,0.0
TEST_2650,1.0000000000000002
TEST_2651,0.1
TEST_2652,0.9500000000000003
TEST_2653,1.0000000000000002
TEST_2654,0.65
TEST_2655,1.0000000000000002
TEST_2656,0.0
TEST_2657,0.1
TEST_2658,1.0000000000000002
TEST_2659,0.0
TEST_2660,0.0
TEST_2661,0.8500000000000002
TEST_2662,0.0
TEST_2663,0.0
TEST_2664,1.0000000000000002
TEST_2665,1.0000000000000002
TEST_2666,1.0000000000000002
TEST_2667,0.1
TEST_2668,0.0
TEST_2669,1.0000000000000002
TEST_2670,0.0
TEST_2671,0.0
TEST_2672,0.0
TEST_2673,0.0
TEST_2674,0.0
TEST_2675,0.0
TEST_2676,1.0000000000000002
TEST_2677,0.25
TEST_2678,0.0
TEST_2679,0.0
TEST_2680,0.05
TEST_2681,0.0
TEST_2682,0.0
TEST_2683,0.25
TEST_2684,0.0
TEST_2685,1.0000000000000002
TEST_2686,0.0
TEST_2687,0.35
TEST_2688,0.1
TEST_2689,0.0
TEST_2690,1.0000000000000002
TEST_2691,0.0
TEST_2692,1.0000000000000002
TEST_2693,1.0000000000000002
TEST_2694,0.0
TEST_2695,1.0000000000000002
TEST_2696,1.0000000000000002
TEST_2697,0.2
TEST_2698,0.0
TEST_2699,0.49999999999999994
TEST_2700,0.2
TEST_2701,0.0
TEST_2702,0.15000000000000002
TEST_2703,0.05
TEST_2704,0.0
TEST_2705,0.0
TEST_2706,0.9000000000000002
TEST_2707,0.9500000000000003
TEST_2708,1.0000000000000002
TEST_2709,1.0000000000000002
TEST_2710,0.0
TEST_2711,1.0000000000000002
TEST_2712,0.0
TEST_2713,0.0
TEST_2714,0.0
TEST_2715,0.0
TEST_2716,0.0
TEST_2717,0.0
TEST_2718,0.0
TEST_2719,0.49999999999999994
TEST_2720,1.0000000000000002
TEST_2721,0.0
TEST_2722,0.7000000000000001
TEST_2723,0.0
TEST_2724,0.0
TEST_2725,1.0000000000000002
TEST_2726,0.0
TEST_2727,0.0
TEST_2728,1.0000000000000002
TEST_2729,0.0
TEST_2730,0.05
TEST_2731,0.0
TEST_2732,1.0000000000000002
TEST_2733,0.15000000000000002
TEST_2734,1.0000000000000002
TEST_2735,0.0
TEST_2736,0.0
TEST_2737,0.0
TEST_2738,0.0
TEST_2739,0.9500000000000003
TEST_2740,0.0
TEST_2741,0.35
TEST_2742,0.0
TEST_2743,0.0
TEST_2744,1.0000000000000002
TEST_2745,1.0000000000000002
TEST_2746,0.0
TEST_2747,0.0
TEST_2748,0.0
TEST_2749,0.0
TEST_2750,0.0
TEST_2751,0.0
TEST_2752,0.2
TEST_2753,1.0000000000000002
TEST_2754,0.0
TEST_2755,0.0
TEST_2756,0.0
TEST_2757,0.35
TEST_2758,0.25
TEST_2759,0.0
TEST_2760,1.0000000000000002
TEST_2761,0.0
TEST_2762,0.6
TEST_2763,0.0
TEST_2764,0.0
TEST_2765,0.8000000000000002
TEST_2766,0.0
TEST_2767,0.25
TEST_2768,0.0
TEST_2769,0.0
TEST_2770,0.39999999999999997
TEST_2771,0.0
TEST_2772,0.35
TEST_2773,0.8000000000000002
TEST_2774,0.0
TEST_2775,0.0
TEST_2776,0.0
TEST_2777,0.0
TEST_2778,1.0000000000000002
TEST_2779,0.0
TEST_2780,0.0
TEST_2781,0.8500000000000002
TEST_2782,1.0000000000000002
TEST_2783,0.0
TEST_2784,0.1
TEST_2785,0.05
TEST_2786,0.0
TEST_2787,0.0
TEST_2788,1.0000000000000002
TEST_2789,0.65
TEST_2790,0.0
TEST_2791,1.0000000000000002
TEST_2792,1.0000000000000002
TEST_2793,0.2
TEST_2794,0.0
TEST_2795,0.6
TEST_2796,0.0
TEST_2797,0.0
TEST_2798,1.0000000000000002
TEST_2799,1.0000000000000002
TEST_2800,0.35
TEST_2801,0.0
TEST_2802,0.0
TEST_2803,1.0000000000000002
TEST_2804,1.0000000000000002
TEST_2805,0.0
TEST_2806,0.0
TEST_2807,1.0000000000000002
TEST_2808,0.0
TEST_2809,0.0
TEST_2810,0.0
TEST_2811,0.9000000000000002
TEST_2812,1.0000000000000002
TEST_2813,0.9000000000000002
TEST_2814,0.0
TEST_2815,1.0000000000000002
TEST_2816,1.0000000000000002
TEST_2817,0.0
TEST_2818,1.0000000000000002
TEST_2819,0.35
TEST_2820,0.8500000000000002
TEST_2821,0.0
TEST_2822,0.9500000000000003
TEST_2823,1.0000000000000002
TEST_2824,1.0000000000000002
TEST_2825,0.9000000000000002
TEST_2826,0.35
TEST_2827,1.0000000000000002
TEST_2828,0.0
TEST_2829,0.8500000000000002
TEST_2830,0.0
TEST_2831,0.05
TEST_2832,0.35
TEST_2833,0.0
TEST_2834,0.05
TEST_2835,0.0
TEST_2836,0.0
TEST_2837,0.5499999999999999
TEST_2838,0.8000000000000002
TEST_2839,0.8000000000000002
TEST_2840,1.0000000000000002
TEST_2841,0.9500000000000003
TEST_2842,0.0
TEST_2843,0.0
TEST_2844,0.15000000000000002
TEST_2845,1.0000000000000002
TEST_2846,0.0
TEST_2847,0.3
TEST_2848,1.0000000000000002
TEST_2849,0.0
TEST_2850,0.0
TEST_2851,0.05
TEST_2852,0.0
TEST_2853,0.0
TEST_2854,0.6
TEST_2855,0.9500000000000003
TEST_2856,0.0
TEST_2857,1.0000000000000002
TEST_2858,1.0000000000000002
TEST_2859,0.05
TEST_2860,0.8500000000000002
TEST_2861,0.0
TEST_2862,1.0000000000000002
TEST_2863,0.0
TEST_2864,0.0
TEST_2865,0.9500000000000003
TEST_2866,0.0
TEST_2867,0.35
TEST_2868,0.7000000000000001
TEST_2869,1.0000000000000002
TEST_2870,0.15000000000000002
TEST_2871,0.0
TEST_2872,1.0000000000000002
TEST_2873,0.8000000000000002
TEST_2874,0.0
TEST_2875,0.0
TEST_2876,0.0
TEST_2877,0.0
TEST_2878,0.0
TEST_2879,0.0
TEST_2880,1.0000000000000002
TEST_2881,0.0
TEST_2882,1.0000000000000002
TEST_2883,0.8500000000000002
TEST_2884,0.25
TEST_2885,1.0000000000000002
TEST_2886,0.0
TEST_2887,0.5499999999999999
TEST_2888,0.49999999999999994
TEST_2889,0.49999999999999994
TEST_2890,0.15000000000000002
TEST_2891,0.1
TEST_2892,1.0000000000000002
TEST_2893,1.0000000000000002
TEST_2894,1.0000000000000002
TEST_2895,0.0
TEST_2896,0.05
TEST_2897,1.0000000000000002
TEST_2898,0.0
TEST_2899,0.5499999999999999
TEST_2900,0.0
TEST_2901,0.8000000000000002
TEST_2902,0.39999999999999997
TEST_2903,0.0
TEST_2904,0.0
TEST_2905,0.0
TEST_2906,0.0
TEST_2907,1.0000000000000002
TEST_2908,0.0
TEST_2909,0.65
TEST_2910,0.0
TEST_2911,0.0
TEST_2912,0.0
TEST_2913,0.0
TEST_2914,0.0
TEST_2915,0.2
TEST_2916,1.0000000000000002
TEST_2917,0.15000000000000002
TEST_2918,0.0
TEST_2919,0.0
TEST_2920,0.35
TEST_2921,0.15000000000000002
TEST_2922,0.0
TEST_2923,0.0
TEST_2924,0.1
TEST_2925,0.44999999999999996
TEST_2926,0.0
TEST_2927,1.0000000000000002
TEST_2928,0.9000000000000002
TEST_2929,0.44999999999999996
TEST_2930,0.0
TEST_2931,0.0
TEST_2932,0.0
TEST_2933,0.9000000000000002
TEST_2934,0.0
TEST_2935,0.0
TEST_2936,1.0000000000000002
TEST_2937,0.0
TEST_2938,1.0000000000000002
TEST_2939,0.0
TEST_2940,0.0
TEST_2941,0.0
TEST_2942,0.5499999999999999
TEST_2943,0.0
TEST_2944,1.0000000000000002
TEST_2945,1.0000000000000002
TEST_2946,0.0
TEST_2947,0.0
TEST_2948,0.0
TEST_2949,0.0
TEST_2950,0.15000000000000002
TEST_2951,0.0
TEST_2952,0.0
TEST_2953,0.0
TEST_2954,0.9000000000000002
TEST_2955,0.0
TEST_2956,0.0
TEST_2957,0.0
TEST_2958,0.35
TEST_2959,1.0000000000000002
TEST_2960,1.0000000000000002
TEST_2961,0.0
TEST_2962,0.0
TEST_2963,0.15000000000000002
TEST_2964,0.35
TEST_2965,0.0
TEST_2966,0.65
TEST_2967,0.0
TEST_2968,0.0
TEST_2969,0.0
TEST_2970,0.05
TEST_2971,0.0
TEST_2972,0.0
TEST_2973,0.0
TEST_2974,0.1
TEST_2975,0.9000000000000002
TEST_2976,0.0
TEST_2977,0.0
TEST_2978,0.9500000000000003
TEST_2979,0.0
TEST_2980,0.0
TEST_2981,0.8000000000000002
TEST_2982,0.7500000000000001
TEST_2983,1.0000000000000002
TEST_2984,0.39999999999999997
TEST_2985,1.0000000000000002
TEST_2986,0.0
TEST_2987,0.05
TEST_2988,0.7500000000000001
TEST_2989,0.0
TEST_2990,0.0
TEST_2991,0.0
TEST_2992,0.0
TEST_2993,0.0
TEST_2994,0.05
TEST_2995,0.0
TEST_2996,0.0
TEST_2997,0.0
TEST_2998,0.6
TEST_2999,0.0
